TIMESTAMP;S0C;S1C;S0U;S1U;EC;EU;OC;OU;PC;PU;YGC;YGCT;FGC;FGCT;GCT;
2016-07-15T14:26:11;118912.0;126208.0;0.0;51936.1;790592.0;460043.7;3145728.0;497678.6;524288.0;379580.6;27;1.478;0;0.000;1.478
2016-07-15T14:27:11;118912.0;126208.0;0.0;51936.1;790592.0;784754.5;3145728.0;497678.6;524288.0;380991.7;27;1.478;0;0.000;1.478
2016-07-15T14:28:11;118912.0;115328.0;33004.9;0.0;814336.0;214257.9;3145728.0;521443.6;524288.0;381565.5;28;1.525;0;0.000;1.525
2016-07-15T14:29:11;118912.0;115328.0;33004.9;0.0;814336.0;390364.0;3145728.0;521443.6;524288.0;381789.3;28;1.525;0;0.000;1.525
2016-07-15T14:30:11;118912.0;115328.0;33004.9;0.0;814336.0;553112.5;3145728.0;521443.6;524288.0;382048.1;28;1.525;0;0.000;1.525
2016-07-15T14:31:11;113728.0;115328.0;0.0;20609.1;814336.0;28016.6;3145728.0;532595.6;524288.0;382729.1;29;1.553;0;0.000;1.553
2016-07-15T14:32:11;113728.0;115328.0;0.0;20609.1;814336.0;182838.2;3145728.0;532595.6;524288.0;382845.3;29;1.553;0;0.000;1.553
2016-07-15T14:33:11;113728.0;115328.0;0.0;20609.1;814336.0;387429.9;3145728.0;532595.6;524288.0;383043.0;29;1.553;0;0.000;1.553
2016-07-15T14:34:11;113728.0;111232.0;21918.9;0.0;823616.0;428614.9;3145728.0;543717.3;524288.0;386967.9;30;1.579;0;0.000;1.579
2016-07-15T14:35:11;107968.0;111232.0;0.0;53458.4;823616.0;504835.8;3145728.0;554887.4;524288.0;387975.7;31;1.641;0;0.000;1.641
2016-07-15T14:36:11;107968.0;104960.0;26109.7;0.0;835648.0;273696.2;3145728.0;577374.7;524288.0;390784.5;32;1.678;0;0.000;1.678
2016-07-15T14:37:11;101248.0;104960.0;0.0;28948.9;835648.0;430396.7;3145728.0;586678.3;524288.0;393135.3;33;1.701;0;0.000;1.701
2016-07-15T14:38:11;101248.0;104960.0;0.0;28948.9;835648.0;671438.0;3145728.0;586678.3;524288.0;393427.4;33;1.701;0;0.000;1.701
2016-07-15T14:39:11;101248.0;99776.0;15434.6;0.0;847552.0;20218.3;3145728.0;595299.0;524288.0;393556.5;34;1.724;0;0.000;1.724
2016-07-15T14:40:11;101248.0;99776.0;15434.6;0.0;847552.0;264423.9;3145728.0;595299.0;524288.0;393701.5;34;1.724;0;0.000;1.724
2016-07-15T14:41:11;101248.0;99776.0;15434.6;0.0;847552.0;536634.5;3145728.0;595299.0;524288.0;393742.9;34;1.724;0;0.000;1.724
2016-07-15T14:42:11;101248.0;99776.0;15434.6;0.0;847552.0;780812.5;3145728.0;595299.0;524288.0;393829.5;34;1.724;0;0.000;1.724
2016-07-15T14:43:11;97984.0;99776.0;0.0;14221.7;847552.0;382095.7;3145728.0;602529.9;524288.0;394067.6;35;1.750;0;0.000;1.750
2016-07-15T14:44:11;97984.0;99776.0;0.0;14221.7;847552.0;809712.8;3145728.0;602529.9;524288.0;394307.4;35;1.750;0;0.000;1.750
2016-07-15T14:45:11;97984.0;95296.0;16531.4;0.0;855296.0;434188.3;3145728.0;607904.8;524288.0;394419.9;36;1.773;0;0.000;1.773
2016-07-15T14:46:11;97984.0;95296.0;16531.4;0.0;855296.0;608776.5;3145728.0;607904.8;524288.0;394496.9;36;1.773;0;0.000;1.773
2016-07-15T14:47:11;92736.0;95296.0;0.0;14126.0;855296.0;73266.2;3145728.0;615293.3;524288.0;395321.2;37;1.797;0;0.000;1.797
2016-07-15T14:48:11;92736.0;94336.0;53105.6;0.0;859904.0;24730.1;3145728.0;622906.5;524288.0;395686.6;38;1.825;0;0.000;1.825
2016-07-15T14:49:11;92736.0;94336.0;53105.6;0.0;859904.0;400040.8;3145728.0;622906.5;524288.0;395765.2;38;1.825;0;0.000;1.825
2016-07-15T14:50:11;92736.0;94336.0;53105.6;0.0;859904.0;768115.8;3145728.0;622906.5;524288.0;395832.6;38;1.825;0;0.000;1.825
2016-07-15T14:51:11;92288.0;94336.0;0.0;11555.4;859904.0;216425.7;3145728.0;670091.2;524288.0;395992.5;39;1.864;0;0.000;1.864
2016-07-15T14:52:11;92288.0;94336.0;0.0;11555.4;859904.0;497195.1;3145728.0;670091.2;524288.0;396111.6;39;1.864;0;0.000;1.864
2016-07-15T14:53:11;92288.0;86784.0;29676.9;0.0;869504.0;473719.8;3145728.0;673960.8;524288.0;396271.6;40;1.885;0;0.000;1.885
2016-07-15T14:54:11;92288.0;86784.0;29676.9;0.0;869504.0;650424.4;3145728.0;673960.8;524288.0;396334.1;40;1.885;0;0.000;1.885
2016-07-15T14:55:11;84608.0;86784.0;0.0;12597.4;869504.0;96449.7;3145728.0;679299.6;524288.0;396411.2;41;1.905;0;0.000;1.905
2016-07-15T14:56:11;84608.0;86784.0;0.0;12597.4;869504.0;197229.6;3145728.0;679299.6;524288.0;396414.1;41;1.905;0;0.000;1.905
2016-07-15T14:57:11;84608.0;86784.0;0.0;12597.4;869504.0;287948.9;3145728.0;679299.6;524288.0;396444.8;41;1.905;0;0.000;1.905
2016-07-15T14:58:11;84608.0;86784.0;0.0;12597.4;869504.0;330304.7;3145728.0;679299.6;524288.0;396446.1;41;1.905;0;0.000;1.905
2016-07-15T14:59:11;84608.0;86784.0;0.0;12597.4;869504.0;363624.4;3145728.0;679299.6;524288.0;396448.5;41;1.905;0;0.000;1.905
2016-07-15T15:00:11;84608.0;86784.0;0.0;12597.4;869504.0;411768.7;3145728.0;679299.6;524288.0;396449.6;41;1.905;0;0.000;1.905
2016-07-15T15:01:11;84608.0;86784.0;0.0;12597.4;869504.0;459432.6;3145728.0;679299.6;524288.0;396454.0;41;1.905;0;0.000;1.905
2016-07-15T15:02:12;84608.0;86784.0;0.0;12597.4;869504.0;563707.6;3145728.0;679299.6;524288.0;396502.5;41;1.905;0;0.000;1.905
2016-07-15T15:03:12;84608.0;86784.0;0.0;12597.4;869504.0;692826.0;3145728.0;679299.6;524288.0;396514.7;41;1.905;0;0.000;1.905
2016-07-15T15:04:12;84608.0;81792.0;14691.1;0.0;882176.0;143280.2;3145728.0;684164.4;524288.0;396751.0;42;1.928;0;0.000;1.928
2016-07-15T15:05:12;84608.0;81792.0;14691.1;0.0;882176.0;855017.4;3145728.0;684164.4;524288.0;397117.8;42;1.928;0;0.000;1.928
2016-07-15T15:06:12;80448.0;81792.0;0.0;39391.8;882176.0;258090.0;3145728.0;690987.3;524288.0;397145.6;43;1.968;0;0.000;1.968
2016-07-15T15:07:12;80448.0;81792.0;0.0;39391.8;882176.0;411178.1;3145728.0;690987.3;524288.0;397242.9;43;1.968;0;0.000;1.968
2016-07-15T15:08:12;80448.0;81792.0;0.0;39391.8;882176.0;505154.0;3145728.0;690987.3;524288.0;397244.5;43;1.968;0;0.000;1.968
2016-07-15T15:09:12;80448.0;81792.0;0.0;39391.8;882176.0;619504.6;3145728.0;690987.3;524288.0;397246.1;43;1.968;0;0.000;1.968
2016-07-15T15:10:12;80448.0;81792.0;0.0;39391.8;882176.0;703747.6;3145728.0;690987.3;524288.0;397246.7;43;1.968;0;0.000;1.968
2016-07-15T15:11:12;80448.0;81792.0;0.0;39391.8;882176.0;824780.4;3145728.0;690987.3;524288.0;397251.1;43;1.968;0;0.000;1.968
2016-07-15T15:12:12;80448.0;77952.0;14747.8;0.0;890176.0;80668.9;3145728.0;708215.2;524288.0;397257.9;44;1.993;0;0.000;1.993
2016-07-15T15:13:12;80448.0;77952.0;14747.8;0.0;890176.0;210769.0;3145728.0;708215.2;524288.0;397316.7;44;1.993;0;0.000;1.993
2016-07-15T15:14:12;80448.0;77952.0;14747.8;0.0;890176.0;535169.1;3145728.0;708215.2;524288.0;398819.3;44;1.993;0;0.000;1.993
2016-07-15T15:15:12;80448.0;77952.0;14747.8;0.0;890176.0;578536.0;3145728.0;708215.2;524288.0;398820.4;44;1.993;0;0.000;1.993
2016-07-15T15:16:12;80448.0;77952.0;14747.8;0.0;890176.0;657534.2;3145728.0;708215.2;524288.0;398842.4;44;1.993;0;0.000;1.993
2016-07-15T15:17:12;80448.0;77952.0;14747.8;0.0;890176.0;876261.0;3145728.0;708215.2;524288.0;398859.4;44;1.993;0;0.000;1.993
2016-07-15T15:18:12;75584.0;77952.0;0.0;13023.3;890176.0;159371.6;3145728.0;716316.4;524288.0;398868.6;45;2.015;0;0.000;2.015
2016-07-15T15:19:12;75584.0;77952.0;0.0;13023.3;890176.0;347579.5;3145728.0;716316.4;524288.0;398890.4;45;2.015;0;0.000;2.015
2016-07-15T15:20:12;75584.0;77952.0;0.0;13023.3;890176.0;706991.2;3145728.0;716316.4;524288.0;399280.8;45;2.015;0;0.000;2.015
2016-07-15T15:21:12;75584.0;77952.0;0.0;13023.3;890176.0;889239.2;3145728.0;716316.4;524288.0;399319.1;45;2.015;0;0.000;2.015
2016-07-15T15:22:12;75584.0;72320.0;16857.3;0.0;900672.0;267258.5;3145728.0;720753.4;524288.0;399347.3;46;2.038;0;0.000;2.038
2016-07-15T15:23:12;75584.0;72320.0;16857.3;0.0;900672.0;460647.8;3145728.0;720753.4;524288.0;399400.5;46;2.038;0;0.000;2.038
2016-07-15T15:24:12;75584.0;72320.0;16857.3;0.0;900672.0;653540.5;3145728.0;720753.4;524288.0;399414.8;46;2.038;0;0.000;2.038
2016-07-15T15:25:12;75584.0;72320.0;16857.3;0.0;900672.0;865483.3;3145728.0;720753.4;524288.0;399429.4;46;2.038;0;0.000;2.038
2016-07-15T15:26:12;69888.0;72320.0;0.0;12798.1;900672.0;94961.0;3145728.0;726992.4;524288.0;399442.0;47;2.059;0;0.000;2.059
2016-07-15T15:27:12;69888.0;72320.0;0.0;12798.1;900672.0;141897.5;3145728.0;726992.4;524288.0;399442.1;47;2.059;0;0.000;2.059
2016-07-15T15:28:12;69888.0;72320.0;0.0;12798.1;900672.0;214650.8;3145728.0;726992.4;524288.0;399447.7;47;2.059;0;0.000;2.059
2016-07-15T15:29:12;69888.0;72320.0;0.0;12798.1;900672.0;290335.4;3145728.0;726992.4;524288.0;399447.8;47;2.059;0;0.000;2.059
2016-07-15T15:30:12;69888.0;72320.0;0.0;12798.1;900672.0;336489.8;3145728.0;726992.4;524288.0;399449.2;47;2.059;0;0.000;2.059
2016-07-15T15:31:12;69888.0;72320.0;0.0;12798.1;900672.0;370717.5;3145728.0;726992.4;524288.0;399450.2;47;2.059;0;0.000;2.059
2016-07-15T15:32:12;69888.0;72320.0;0.0;12798.1;900672.0;514594.7;3145728.0;726992.4;524288.0;399453.8;47;2.059;0;0.000;2.059
2016-07-15T15:33:12;69888.0;72320.0;0.0;12798.1;900672.0;553489.8;3145728.0;726992.4;524288.0;399453.8;47;2.059;0;0.000;2.059
2016-07-15T15:34:12;69888.0;72320.0;0.0;12798.1;900672.0;616847.5;3145728.0;726992.4;524288.0;399453.9;47;2.059;0;0.000;2.059
2016-07-15T15:35:12;69888.0;72320.0;0.0;12798.1;900672.0;711021.4;3145728.0;726992.4;524288.0;399737.0;47;2.059;0;0.000;2.059
2016-07-15T15:36:12;69888.0;72320.0;0.0;12798.1;900672.0;749417.3;3145728.0;726992.4;524288.0;399737.3;47;2.059;0;0.000;2.059
2016-07-15T15:37:12;69888.0;72320.0;0.0;12798.1;900672.0;790193.2;3145728.0;726992.4;524288.0;399737.7;47;2.059;0;0.000;2.059
2016-07-15T15:38:12;69888.0;72320.0;0.0;12798.1;900672.0;842036.5;3145728.0;726992.4;524288.0;399740.3;47;2.059;0;0.000;2.059
2016-07-15T15:39:12;69888.0;67776.0;9925.4;0.0;910912.0;19938.6;3145728.0;731687.5;524288.0;399741.2;48;2.081;0;0.000;2.081
2016-07-15T15:40:12;69888.0;67776.0;9925.4;0.0;910912.0;576003.7;3145728.0;731687.5;524288.0;399791.2;48;2.081;0;0.000;2.081
2016-07-15T15:41:12;64832.0;67776.0;0.0;13899.0;910912.0;288941.3;3145728.0;734796.5;524288.0;399827.6;49;2.102;0;0.000;2.102
2016-07-15T15:42:12;64832.0;67776.0;0.0;13899.0;910912.0;741741.0;3145728.0;734796.5;524288.0;399871.0;49;2.102;0;0.000;2.102
2016-07-15T15:43:12;64832.0;62016.0;13673.1;0.0;921728.0;282238.5;3145728.0;740573.2;524288.0;399929.9;50;2.124;0;0.000;2.124
2016-07-15T15:44:12;64832.0;62016.0;13673.1;0.0;921728.0;504063.0;3145728.0;740573.2;524288.0;399940.3;50;2.124;0;0.000;2.124
2016-07-15T15:45:12;64832.0;62016.0;13673.1;0.0;921728.0;589979.8;3145728.0;740573.2;524288.0;399945.9;50;2.124;0;0.000;2.124
2016-07-15T15:46:12;64832.0;62016.0;13673.1;0.0;921728.0;665690.0;3145728.0;740573.2;524288.0;399949.3;50;2.124;0;0.000;2.124
2016-07-15T15:47:12;64832.0;62016.0;13673.1;0.0;921728.0;740026.2;3145728.0;740573.2;524288.0;399961.1;50;2.124;0;0.000;2.124
2016-07-15T15:48:12;64832.0;62016.0;13673.1;0.0;921728.0;800939.3;3145728.0;740573.2;524288.0;399968.1;50;2.124;0;0.000;2.124
2016-07-15T15:49:12;59520.0;62016.0;0.0;11720.9;921728.0;151079.3;3145728.0;744967.4;524288.0;399994.4;51;2.144;0;0.000;2.144
2016-07-15T15:50:12;59520.0;62016.0;0.0;11720.9;921728.0;502826.8;3145728.0;744967.4;524288.0;400014.9;51;2.144;0;0.000;2.144
2016-07-15T15:51:12;59520.0;62016.0;0.0;11720.9;921728.0;888810.0;3145728.0;744967.4;524288.0;400073.4;51;2.144;0;0.000;2.144
2016-07-15T15:52:12;59520.0;56576.0;14462.0;0.0;932480.0;543404.7;3145728.0;749898.0;524288.0;404523.2;52;2.163;0;0.000;2.163
2016-07-15T15:53:12;55360.0;56576.0;0.0;26287.1;932480.0;291922.2;3145728.0;755264.2;524288.0;405242.8;53;2.190;0;0.000;2.190
2016-07-15T15:54:12;55360.0;56576.0;0.0;26287.1;932480.0;755977.5;3145728.0;755264.2;524288.0;405301.3;53;2.190;0;0.000;2.190
2016-07-15T15:55:12;55360.0;52992.0;13504.6;0.0;940224.0;76752.7;3145728.0;766862.0;524288.0;405363.7;54;2.213;0;0.000;2.213
2016-07-15T15:56:12;55360.0;52992.0;13504.6;0.0;940224.0;355815.2;3145728.0;766862.0;524288.0;405380.8;54;2.213;0;0.000;2.213
2016-07-15T15:57:12;55360.0;52992.0;13504.6;0.0;940224.0;838108.0;3145728.0;766862.0;524288.0;405477.3;54;2.213;0;0.000;2.213
2016-07-15T15:58:12;50816.0;52992.0;0.0;12949.9;940224.0;455780.1;3145728.0;770318.2;524288.0;405518.5;55;2.236;0;0.000;2.236
2016-07-15T15:59:12;50816.0;48192.0;15633.9;0.0;949568.0;111791.8;3145728.0;772614.1;524288.0;405607.6;56;2.258;0;0.000;2.258
2016-07-15T16:00:12;50816.0;48192.0;15633.9;0.0;949568.0;667695.5;3145728.0;772614.1;524288.0;405706.6;56;2.258;0;0.000;2.258
2016-07-15T16:01:12;46144.0;48192.0;0.0;13638.3;949568.0;784276.4;3145728.0;777271.2;524288.0;405745.5;57;2.279;0;0.000;2.279
2016-07-15T16:02:12;46144.0;44032.0;14195.2;0.0;958400.0;180761.1;3145728.0;782736.4;524288.0;405774.0;58;2.300;0;0.000;2.300
2016-07-15T16:03:12;46144.0;44032.0;14195.2;0.0;958400.0;448588.6;3145728.0;782736.4;524288.0;405790.2;58;2.300;0;0.000;2.300
2016-07-15T16:04:12;46144.0;44032.0;14195.2;0.0;958400.0;681398.1;3145728.0;782736.4;524288.0;405795.8;58;2.300;0;0.000;2.300
2016-07-15T16:05:12;46144.0;44032.0;14195.2;0.0;958400.0;877175.0;3145728.0;782736.4;524288.0;405805.0;58;2.300;0;0.000;2.300
2016-07-15T16:06:12;42112.0;44032.0;0.0;13316.7;958400.0;292826.6;3145728.0;788650.8;524288.0;405838.5;59;2.323;0;0.000;2.323
2016-07-15T16:07:12;42112.0;44032.0;0.0;13316.7;958400.0;915696.7;3145728.0;788650.8;524288.0;405882.9;59;2.323;0;0.000;2.323
2016-07-15T16:08:12;42112.0;40256.0;13938.5;0.0;966208.0;329435.1;3145728.0;792183.4;524288.0;405905.6;60;2.343;0;0.000;2.343
2016-07-15T16:09:12;42112.0;40256.0;13938.5;0.0;966208.0;799846.4;3145728.0;792183.4;524288.0;405960.0;60;2.343;0;0.000;2.343
2016-07-15T16:10:12;38464.0;40256.0;0.0;13682.0;966208.0;382876.2;3145728.0;795692.5;524288.0;406004.4;61;2.364;0;0.000;2.364
2016-07-15T16:11:12;38464.0;40256.0;0.0;13682.0;966208.0;776212.7;3145728.0;795692.5;524288.0;406024.1;61;2.364;0;0.000;2.364
2016-07-15T16:12:12;38464.0;36992.0;12455.7;0.0;973120.0;253544.3;3145728.0;800529.9;524288.0;406074.6;62;2.389;0;0.000;2.389
2016-07-15T16:13:12;38464.0;36992.0;12455.7;0.0;973120.0;466087.2;3145728.0;800529.9;524288.0;406075.8;62;2.389;0;0.000;2.389
2016-07-15T16:14:12;38464.0;36992.0;12455.7;0.0;973120.0;845159.5;3145728.0;800529.9;524288.0;406087.7;62;2.389;0;0.000;2.389
2016-07-15T16:15:12;35520.0;36992.0;0.0;12910.3;973120.0;252378.2;3145728.0;803734.6;524288.0;406105.4;63;2.414;0;0.000;2.414
2016-07-15T16:16:12;35520.0;36992.0;0.0;12910.3;973120.0;681220.0;3145728.0;803734.6;524288.0;406120.7;63;2.414;0;0.000;2.414
2016-07-15T16:17:12;35520.0;36992.0;0.0;12910.3;973120.0;932386.1;3145728.0;803734.6;524288.0;406121.6;63;2.414;0;0.000;2.414
2016-07-15T16:18:12;35520.0;34432.0;10622.6;0.0;978624.0;109570.7;3145728.0;807869.1;524288.0;406135.0;64;2.442;0;0.000;2.442
2016-07-15T16:19:12;35520.0;34432.0;10622.6;0.0;978624.0;570927.1;3145728.0;807869.1;524288.0;406154.2;64;2.442;0;0.000;2.442
2016-07-15T16:20:12;35520.0;34432.0;10622.6;0.0;978624.0;801461.4;3145728.0;807869.1;524288.0;406157.7;64;2.442;0;0.000;2.442
2016-07-15T16:21:12;33024.0;34432.0;0.0;12339.9;978624.0;241786.9;3145728.0;811498.7;524288.0;406177.5;65;2.464;0;0.000;2.464
2016-07-15T16:22:12;33024.0;34432.0;0.0;12339.9;978624.0;640602.0;3145728.0;811498.7;524288.0;406188.6;65;2.464;0;0.000;2.464
2016-07-15T16:23:12;33024.0;31744.0;12182.8;0.0;983808.0;212593.7;3145728.0;815517.4;524288.0;406193.7;66;2.489;0;0.000;2.489
2016-07-15T16:24:12;33024.0;31744.0;12182.8;0.0;983808.0;755652.8;3145728.0;815517.4;524288.0;406198.5;66;2.489;0;0.000;2.489
2016-07-15T16:25:12;30656.0;31744.0;0.0;11049.7;983808.0;304415.1;3145728.0;819721.1;524288.0;406215.8;67;2.510;0;0.000;2.510
2016-07-15T16:26:12;30656.0;31744.0;0.0;11049.7;983808.0;818022.8;3145728.0;819721.1;524288.0;406315.1;67;2.510;0;0.000;2.510
2016-07-15T16:27:12;30656.0;30144.0;17433.5;0.0;987776.0;501804.6;3145728.0;821294.2;524288.0;406354.5;68;2.536;0;0.000;2.536
2016-07-15T16:28:12;29120.0;30144.0;0.0;11727.8;987776.0;78588.6;3145728.0;829651.2;524288.0;406384.9;69;2.558;0;0.000;2.558
2016-07-15T16:29:12;29120.0;30144.0;0.0;11727.8;987776.0;548751.5;3145728.0;829651.2;524288.0;406394.4;69;2.558;0;0.000;2.558
2016-07-15T16:30:12;29120.0;27904.0;13016.4;0.0;991552.0;69539.4;3145728.0;833577.4;524288.0;406438.2;70;2.579;0;0.000;2.579
2016-07-15T16:31:12;29120.0;27904.0;13016.4;0.0;991552.0;794806.4;3145728.0;833577.4;524288.0;406510.2;70;2.579;0;0.000;2.579
2016-07-15T16:32:12;26688.0;27904.0;0.0;13419.6;991552.0;397723.1;3145728.0;835970.5;524288.0;406549.5;71;2.604;0;0.000;2.604
2016-07-15T16:33:12;26688.0;25792.0;12176.4;0.0;996096.0;24608.5;3145728.0;839937.3;524288.0;406590.8;72;2.628;0;0.000;2.628
2016-07-15T16:34:12;26688.0;25792.0;12176.4;0.0;996096.0;638899.7;3145728.0;839937.3;524288.0;406621.5;72;2.628;0;0.000;2.628
2016-07-15T16:35:12;24768.0;25792.0;0.0;13076.7;996096.0;122026.0;3145728.0;842483.1;524288.0;406632.6;73;2.650;0;0.000;2.650
2016-07-15T16:36:12;24768.0;25792.0;0.0;13076.7;996096.0;618403.0;3145728.0;842483.1;524288.0;406653.3;73;2.650;0;0.000;2.650
2016-07-15T16:37:12;24768.0;23872.0;12786.1;0.0;999936.0;334761.5;3145728.0;845916.0;524288.0;406724.1;74;2.674;0;0.000;2.674
2016-07-15T16:38:12;24768.0;23872.0;12786.1;0.0;999936.0;944283.0;3145728.0;845916.0;524288.0;406733.7;74;2.674;0;0.000;2.674
2016-07-15T16:39:12;23616.0;30784.0;23611.1;0.0;987008.0;351433.3;3145728.0;861173.8;524288.0;406797.6;76;2.719;0;0.000;2.719
2016-07-15T16:40:12;23616.0;30784.0;23611.1;0.0;987008.0;782593.6;3145728.0;861173.8;524288.0;406821.1;76;2.719;0;0.000;2.719
2016-07-15T16:41:12;29760.0;30784.0;0.0;13603.5;987008.0;495603.2;3145728.0;867186.1;524288.0;406840.0;77;2.739;0;0.000;2.739
2016-07-15T16:42:12;29760.0;30784.0;0.0;13603.5;987008.0;947489.2;3145728.0;867186.1;524288.0;406848.0;77;2.739;0;0.000;2.739
2016-07-15T16:43:12;29760.0;28480.0;15285.6;0.0;990336.0;559422.4;3145728.0;872196.0;524288.0;406881.8;78;2.762;0;0.000;2.762
2016-07-15T16:44:12;27968.0;28480.0;0.0;11783.9;990336.0;69820.6;3145728.0;878397.0;524288.0;406894.7;79;2.783;0;0.000;2.783
2016-07-15T16:45:12;27968.0;28480.0;0.0;11783.9;990336.0;673841.1;3145728.0;878397.0;524288.0;406902.6;79;2.783;0;0.000;2.783
2016-07-15T16:46:12;27968.0;26944.0;13937.0;0.0;993664.0;260316.0;3145728.0;881398.2;524288.0;406917.1;80;2.804;0;0.000;2.804
2016-07-15T16:47:12;25920.0;26944.0;0.0;14675.6;993664.0;65696.6;3145728.0;886494.6;524288.0;406931.3;81;2.825;0;0.000;2.825
2016-07-15T16:48:12;25920.0;26944.0;0.0;14675.6;993664.0;588726.6;3145728.0;886494.6;524288.0;406947.6;81;2.825;0;0.000;2.825
2016-07-15T16:49:12;25920.0;25344.0;12172.7;0.0;997312.0;39215.3;3145728.0;891745.1;524288.0;406980.8;82;2.848;0;0.000;2.848
2016-07-15T16:50:12;25920.0;25344.0;12172.7;0.0;997312.0;735923.5;3145728.0;891745.1;524288.0;406988.2;82;2.848;0;0.000;2.848
2016-07-15T16:51:12;24512.0;25344.0;0.0;13768.6;997312.0;405866.8;3145728.0;894453.5;524288.0;407081.3;83;2.869;0;0.000;2.869
2016-07-15T16:52:12;24512.0;25344.0;0.0;13768.6;997312.0;881624.8;3145728.0;894453.5;524288.0;407098.2;83;2.869;0;0.000;2.869
2016-07-15T16:53:12;24512.0;24064.0;11807.5;0.0;1000000.0;450294.1;3145728.0;898343.0;524288.0;407108.7;84;2.890;0;0.000;2.890
2016-07-15T16:54:12;24512.0;24064.0;11807.5;0.0;1000000.0;983915.4;3145728.0;898343.0;524288.0;407118.0;84;2.890;0;0.000;2.890
2016-07-15T16:55:12;24000.0;23040.0;14248.5;0.0;1001536.0;58615.3;3145728.0;903384.5;524288.0;407135.7;86;2.930;0;0.000;2.930
2016-07-15T16:56:12;24000.0;23040.0;14248.5;0.0;1001536.0;463453.9;3145728.0;903384.5;524288.0;407164.7;86;2.930;0;0.000;2.930
2016-07-15T16:57:12;24000.0;23040.0;14248.5;0.0;1001536.0;888011.1;3145728.0;903384.5;524288.0;407722.1;86;2.930;0;0.000;2.930
2016-07-15T16:58:12;22656.0;23040.0;0.0;15303.2;1001536.0;477195.8;3145728.0;911309.1;524288.0;408094.5;87;2.954;0;0.000;2.954
2016-07-15T16:59:12;22656.0;21824.0;13817.2;0.0;1004096.0;88258.8;3145728.0;917412.4;524288.0;408113.5;88;2.977;0;0.000;2.977
2016-07-15T17:00:12;22656.0;21824.0;13817.2;0.0;1004096.0;637006.5;3145728.0;917412.4;524288.0;408123.2;88;2.977;0;0.000;2.977
2016-07-15T17:01:12;21440.0;21824.0;0.0;12171.7;1004096.0;193224.0;3145728.0;921630.7;524288.0;408133.9;89;2.997;0;0.000;2.997
2016-07-15T17:02:13;21440.0;21824.0;0.0;12171.7;1004096.0;797101.3;3145728.0;921630.7;524288.0;408158.7;89;2.997;0;0.000;2.997
2016-07-15T17:03:13;21440.0;21056.0;11557.4;0.0;1006080.0;301027.5;3145728.0;925764.2;524288.0;408195.6;90;3.018;0;0.000;3.018
2016-07-15T17:04:13;21440.0;21056.0;11557.4;0.0;1006080.0;993862.3;3145728.0;925764.2;524288.0;408260.3;90;3.018;0;0.000;3.018
2016-07-15T17:05:13;20544.0;21056.0;0.0;12469.7;1006080.0;580442.8;3145728.0;928093.8;524288.0;408282.1;91;3.040;0;0.000;3.040
2016-07-15T17:06:13;20544.0;20288.0;11021.9;0.0;1007744.0;89544.6;3145728.0;930514.2;524288.0;408334.6;92;3.061;0;0.000;3.061
2016-07-15T17:07:13;20544.0;20288.0;11021.9;0.0;1007744.0;585920.1;3145728.0;930514.2;524288.0;408366.5;92;3.061;0;0.000;3.061
2016-07-15T17:08:13;19840.0;20288.0;0.0;11991.4;1007744.0;164955.9;3145728.0;933681.8;524288.0;408416.4;93;3.083;0;0.000;3.083
2016-07-15T17:09:13;19840.0;20288.0;0.0;11991.4;1007744.0;795178.6;3145728.0;933681.8;524288.0;408504.1;93;3.083;0;0.000;3.083
2016-07-15T17:10:13;19840.0;19840.0;9096.6;0.0;1008896.0;376136.0;3145728.0;936194.4;524288.0;408565.7;94;3.104;0;0.000;3.104
2016-07-15T17:11:13;19840.0;19840.0;9096.6;0.0;1008896.0;829040.1;3145728.0;936194.4;524288.0;408643.4;94;3.104;0;0.000;3.104
2016-07-15T17:12:13;19776.0;19840.0;0.0;14507.6;1008896.0;298905.4;3145728.0;937474.4;524288.0;408692.6;95;3.124;0;0.000;3.124
2016-07-15T17:13:13;19776.0;19840.0;0.0;14507.6;1008896.0;961053.8;3145728.0;937474.4;524288.0;408734.1;95;3.124;0;0.000;3.124
2016-07-15T17:14:13;19776.0;19136.0;12941.0;0.0;1009664.0;595594.0;3145728.0;939950.0;524288.0;408769.3;96;3.145;0;0.000;3.145
2016-07-15T17:15:13;18560.0;19136.0;0.0;12432.1;1009664.0;177629.9;3145728.0;943132.2;524288.0;408806.1;97;3.168;0;0.000;3.168
2016-07-15T17:16:13;18560.0;19136.0;0.0;12432.1;1009664.0;653110.2;3145728.0;943132.2;524288.0;408826.4;97;3.168;0;0.000;3.168
2016-07-15T17:17:13;18560.0;18880.0;15234.8;0.0;1010816.0;182292.6;3145728.0;945400.6;524288.0;408856.8;98;3.191;0;0.000;3.191
2016-07-15T17:18:13;18560.0;18880.0;15234.8;0.0;1010816.0;737997.3;3145728.0;945400.6;524288.0;408866.7;98;3.191;0;0.000;3.191
2016-07-15T17:19:13;18560.0;18880.0;0.0;13815.5;1010816.0;229596.3;3145728.0;948467.5;524288.0;408876.6;99;3.213;0;0.000;3.213
2016-07-15T17:20:13;18560.0;18880.0;0.0;13815.5;1010816.0;924635.7;3145728.0;948467.5;524288.0;408944.1;99;3.213;0;0.000;3.213
2016-07-15T17:21:13;18560.0;18944.0;15585.8;0.0;1010688.0;749126.1;3145728.0;951889.2;524288.0;408979.2;100;3.237;0;0.000;3.237
2016-07-15T17:22:13;18432.0;18944.0;0.0;13068.2;1010688.0;355970.9;3145728.0;955211.8;524288.0;409008.2;101;3.257;0;0.000;3.257
2016-07-15T17:23:13;18432.0;18304.0;11184.4;0.0;1011840.0;550386.6;3145728.0;959869.4;524288.0;409017.2;102;3.278;0;0.000;3.278
2016-07-15T17:24:13;18112.0;18304.0;0.0;14053.6;1011840.0;24258.8;3145728.0;962216.7;524288.0;409019.6;103;3.302;0;0.000;3.302
2016-07-15T17:25:13;18112.0;18304.0;0.0;14053.6;1011840.0;621904.6;3145728.0;962216.7;524288.0;409036.7;103;3.302;0;0.000;3.302
2016-07-15T17:26:13;18112.0;17664.0;13321.6;0.0;1012800.0;79416.6;3145728.0;967339.6;524288.0;409062.3;104;3.323;0;0.000;3.323
2016-07-15T17:27:13;18112.0;17664.0;13321.6;0.0;1012800.0;575471.0;3145728.0;967339.6;524288.0;409106.3;104;3.323;0;0.000;3.323
2016-07-15T17:28:13;18240.0;16000.0;0.0;15977.3;1012800.0;150261.8;3145728.0;970406.3;524288.0;409124.8;105;3.345;0;0.000;3.345
2016-07-15T17:29:13;18240.0;16000.0;0.0;15977.3;1012800.0;876879.2;3145728.0;970406.3;524288.0;409145.4;105;3.345;0;0.000;3.345
2016-07-15T17:30:13;18240.0;18048.0;11682.5;0.0;1012288.0;333862.3;3145728.0;972598.7;524288.0;409157.9;106;3.367;0;0.000;3.367
2016-07-15T17:31:13;18240.0;18048.0;11682.5;0.0;1012288.0;949231.6;3145728.0;972598.7;524288.0;409174.2;106;3.367;0;0.000;3.367
2016-07-15T17:32:13;17664.0;18048.0;0.0;12871.7;1012288.0;707638.8;3145728.0;974188.3;524288.0;409183.7;107;3.388;0;0.000;3.388
2016-07-15T17:33:13;17664.0;17344.0;13482.1;0.0;1013568.0;643139.9;3145728.0;975925.7;524288.0;409231.2;108;3.409;0;0.000;3.409
2016-07-15T17:34:13;17536.0;17344.0;0.0;9832.4;1013568.0;305718.8;3145728.0;979333.0;524288.0;409310.6;109;3.431;0;0.000;3.431
2016-07-15T17:35:13;17536.0;17344.0;0.0;9832.4;1013568.0;809895.1;3145728.0;979333.0;524288.0;409328.8;109;3.431;0;0.000;3.431
2016-07-15T17:36:13;17536.0;17280.0;11831.2;0.0;1013760.0;409089.2;3145728.0;981673.3;524288.0;409332.3;110;3.455;0;0.000;3.455
2016-07-15T17:37:13;17216.0;17280.0;0.0;10573.7;1013760.0;74981.7;3145728.0;983532.7;524288.0;409342.8;111;3.475;0;0.000;3.475
2016-07-15T17:38:13;17216.0;17280.0;0.0;10573.7;1013760.0;688804.2;3145728.0;983532.7;524288.0;409348.2;111;3.475;0;0.000;3.475
2016-07-15T17:39:13;17216.0;16832.0;12308.5;0.0;1014528.0;158010.5;3145728.0;984873.4;524288.0;409359.5;112;3.498;0;0.000;3.498
2016-07-15T17:40:13;17216.0;16832.0;12308.5;0.0;1014528.0;688921.5;3145728.0;984873.4;524288.0;409363.0;112;3.498;0;0.000;3.498
2016-07-15T17:41:13;17216.0;16832.0;0.0;16805.5;1014528.0;357837.8;3145728.0;1011620.3;524288.0;409366.4;113;3.527;0;0.000;3.527
2016-07-15T17:42:13;17216.0;16832.0;0.0;16805.5;1014528.0;900318.4;3145728.0;1011620.3;524288.0;409372.9;113;3.527;0;0.000;3.527
2016-07-15T17:43:13;17216.0;39168.0;17211.5;0.0;970240.0;557955.1;3145728.0;1043954.4;524288.0;409384.5;114;3.557;0;0.000;3.557
2016-07-15T17:44:13;38592.0;39168.0;0.0;10604.2;970240.0;134885.5;3145728.0;1052820.7;524288.0;409391.9;115;3.582;0;0.000;3.582
2016-07-15T17:45:13;38592.0;39168.0;0.0;10604.2;970240.0;641859.3;3145728.0;1052820.7;524288.0;409396.1;115;3.582;0;0.000;3.582
2016-07-15T17:46:13;38592.0;37760.0;11336.2;0.0;972224.0;323401.9;3145728.0;1054074.4;524288.0;409402.4;116;3.602;0;0.000;3.602
2016-07-15T17:47:13;36800.0;37760.0;0.0;11231.7;972224.0;138493.2;3145728.0;1055748.8;524288.0;409407.1;117;3.624;0;0.000;3.624
2016-07-15T17:48:13;36800.0;37760.0;0.0;11231.7;972224.0;605668.3;3145728.0;1055748.8;524288.0;409413.8;117;3.624;0;0.000;3.624
2016-07-15T17:49:13;36800.0;35200.0;14423.4;0.0;976576.0;266257.8;3145728.0;1057422.4;524288.0;409418.8;118;3.644;0;0.000;3.644
2016-07-15T17:50:13;36800.0;35200.0;14423.4;0.0;976576.0;959315.0;3145728.0;1057422.4;524288.0;409426.5;118;3.644;0;0.000;3.644
2016-07-15T17:51:13;34496.0;35200.0;0.0;10178.9;976576.0;753890.1;3145728.0;1058877.4;524288.0;409538.1;119;3.665;0;0.000;3.665
2016-07-15T17:52:13;34496.0;33088.0;13174.3;0.0;980992.0;472623.0;3145728.0;1059891.2;524288.0;409670.0;120;3.686;0;0.000;3.686
2016-07-15T17:53:13;32128.0;33088.0;0.0;11340.3;980992.0;87012.5;3145728.0;1062387.8;524288.0;409671.2;121;3.708;0;0.000;3.708
2016-07-15T17:54:13;32128.0;33088.0;0.0;11340.3;980992.0;682998.1;3145728.0;1062387.8;524288.0;409672.6;121;3.708;0;0.000;3.708
2016-07-15T17:55:13;32128.0;31360.0;10023.8;0.0;985088.0;399925.9;3145728.0;1063457.6;524288.0;409674.6;122;3.729;0;0.000;3.729
2016-07-15T17:56:13;32128.0;31360.0;10023.8;0.0;985088.0;801994.5;3145728.0;1063457.6;524288.0;409675.2;122;3.729;0;0.000;3.729
2016-07-15T17:57:13;30464.0;31360.0;0.0;10025.5;985088.0;369374.2;3145728.0;1064844.0;524288.0;409676.9;123;3.750;0;0.000;3.750
2016-07-15T17:58:13;30464.0;31360.0;0.0;10025.5;985088.0;964428.8;3145728.0;1064844.0;524288.0;409684.9;123;3.750;0;0.000;3.750
2016-07-15T17:59:13;30464.0;29568.0;10054.3;0.0;988544.0;540501.6;3145728.0;1066918.2;524288.0;409689.7;124;3.771;0;0.000;3.771
2016-07-15T18:00:13;28416.0;29568.0;0.0;11543.9;988544.0;96690.1;3145728.0;1068635.1;524288.0;409706.5;125;3.792;0;0.000;3.792
2016-07-15T18:01:13;28416.0;29568.0;0.0;11543.9;988544.0;689804.7;3145728.0;1068635.1;524288.0;409712.1;125;3.792;0;0.000;3.792
2016-07-15T18:02:13;28416.0;27136.0;12531.9;0.0;993024.0;473305.9;3145728.0;1070024.9;524288.0;409717.6;126;3.813;0;0.000;3.813
2016-07-15T18:03:13;28416.0;27136.0;12531.9;0.0;993024.0;985796.9;3145728.0;1070024.9;524288.0;409722.7;126;3.813;0;0.000;3.813
2016-07-15T18:04:13;26112.0;27136.0;0.0;11517.6;993024.0;452767.7;3145728.0;1073007.6;524288.0;409725.9;127;3.832;0;0.000;3.832
2016-07-15T18:05:13;26112.0;27136.0;0.0;11517.6;993024.0;959557.5;3145728.0;1073007.6;524288.0;409752.3;127;3.832;0;0.000;3.832
2016-07-15T18:06:13;26112.0;25088.0;11859.1;0.0;997376.0;663648.6;3145728.0;1076772.7;524288.0;409761.7;128;3.855;0;0.000;3.855
2016-07-15T18:07:13;24320.0;25088.0;0.0;10760.9;997376.0;101212.9;3145728.0;1079199.1;524288.0;409770.4;129;3.875;0;0.000;3.875
2016-07-15T18:08:13;24320.0;25088.0;0.0;10760.9;997376.0;622271.1;3145728.0;1079199.1;524288.0;409773.1;129;3.875;0;0.000;3.875
2016-07-15T18:09:13;24320.0;23808.0;9335.8;0.0;1000448.0;76661.3;3145728.0;1082255.2;524288.0;409777.2;130;3.898;0;0.000;3.898
2016-07-15T18:10:13;24320.0;23808.0;9335.8;0.0;1000448.0;630534.0;3145728.0;1082255.2;524288.0;409784.1;130;3.898;0;0.000;3.898
2016-07-15T18:11:13;23104.0;23808.0;0.0;10171.7;1000448.0;239561.3;3145728.0;1083215.4;524288.0;409786.4;131;3.918;0;0.000;3.918
2016-07-15T18:12:13;23104.0;23808.0;0.0;10171.7;1000448.0;694928.0;3145728.0;1083215.4;524288.0;409788.5;131;3.918;0;0.000;3.918
2016-07-15T18:13:13;23104.0;23040.0;15142.4;0.0;1002432.0;143480.2;3145728.0;1084499.4;524288.0;409803.3;132;3.938;0;0.000;3.938
2016-07-15T18:14:13;23104.0;23040.0;15142.4;0.0;1002432.0;927039.4;3145728.0;1084499.4;524288.0;409816.8;132;3.938;0;0.000;3.938
2016-07-15T18:15:13;22336.0;23040.0;0.0;10776.0;1002432.0;976399.0;3145728.0;1088994.6;524288.0;410739.0;133;3.962;0;0.000;3.962
2016-07-15T18:16:13;22336.0;22080.0;14487.4;0.0;1004160.0;424838.8;3145728.0;1091243.2;524288.0;410753.9;134;3.983;0;0.000;3.983
2016-07-15T18:17:13;22336.0;22080.0;14487.4;0.0;1004160.0;900668.9;3145728.0;1091243.2;524288.0;410759.0;134;3.983;0;0.000;3.983
2016-07-15T18:18:13;21184.0;22080.0;0.0;12311.2;1004160.0;497391.6;3145728.0;1096158.8;524288.0;410764.3;135;4.004;0;0.000;4.004
2016-07-15T18:19:13;21184.0;20352.0;12623.2;0.0;1007040.0;105022.6;3145728.0;1098058.2;524288.0;410767.2;136;4.027;0;0.000;4.027
2016-07-15T18:20:13;21184.0;20352.0;12623.2;0.0;1007040.0;621900.5;3145728.0;1098058.2;524288.0;410779.8;136;4.027;0;0.000;4.027
2016-07-15T18:21:13;20416.0;20352.0;0.0;14793.8;1007040.0;189976.2;3145728.0;1099509.6;524288.0;410794.1;137;4.049;0;0.000;4.049
2016-07-15T18:22:13;20416.0;20352.0;0.0;14793.8;1007040.0;875135.3;3145728.0;1099509.6;524288.0;410798.1;137;4.049;0;0.000;4.049
2016-07-15T18:23:13;20416.0;19840.0;11581.4;0.0;1008320.0;355664.5;3145728.0;1102926.9;524288.0;410802.4;138;4.072;0;0.000;4.072
2016-07-15T18:24:13;20416.0;19840.0;11581.4;0.0;1008320.0;915031.2;3145728.0;1102926.9;524288.0;410803.3;138;4.072;0;0.000;4.072
2016-07-15T18:25:13;19904.0;19840.0;0.0;14720.2;1008320.0;535318.2;3145728.0;1104486.6;524288.0;410824.2;139;4.094;0;0.000;4.094
2016-07-15T18:26:13;19904.0;19840.0;0.0;14720.2;1008320.0;999891.2;3145728.0;1104486.6;524288.0;410827.1;139;4.094;0;0.000;4.094
2016-07-15T18:27:13;19904.0;19584.0;10763.0;0.0;1009088.0;488724.5;3145728.0;1109024.6;524288.0;410830.4;140;4.118;0;0.000;4.118
2016-07-15T18:28:13;19904.0;19584.0;10763.0;0.0;1009088.0;884194.9;3145728.0;1109024.6;524288.0;410834.0;140;4.118;0;0.000;4.118
2016-07-15T18:29:13;19136.0;19584.0;0.0;13477.9;1009088.0;761085.7;3145728.0;1110921.9;524288.0;410836.2;141;4.142;0;0.000;4.142
2016-07-15T18:30:13;19136.0;23872.0;19115.3;0.0;1000832.0;36046.3;3145728.0;1118999.7;524288.0;410844.4;142;4.164;0;0.000;4.164
2016-07-15T18:31:13;19136.0;23872.0;19115.3;0.0;1000832.0;196374.0;3145728.0;1118999.7;524288.0;410844.8;142;4.164;0;0.000;4.164
2016-07-15T18:32:13;19136.0;23872.0;19115.3;0.0;1000832.0;327457.7;3145728.0;1118999.7;524288.0;410845.7;142;4.164;0;0.000;4.164
2016-07-15T18:33:13;19136.0;23872.0;19115.3;0.0;1000832.0;360257.8;3145728.0;1118999.7;524288.0;410845.9;142;4.164;0;0.000;4.164
2016-07-15T18:34:13;19136.0;23872.0;19115.3;0.0;1000832.0;391908.4;3145728.0;1118999.7;524288.0;410845.9;142;4.164;0;0.000;4.164
2016-07-15T18:35:13;19136.0;23872.0;19115.3;0.0;1000832.0;424655.4;3145728.0;1118999.7;524288.0;410845.9;142;4.164;0;0.000;4.164
2016-07-15T18:36:13;19136.0;23872.0;19115.3;0.0;1000832.0;456076.9;3145728.0;1118999.7;524288.0;410845.9;142;4.164;0;0.000;4.164
2016-07-15T18:37:13;19136.0;23872.0;19115.3;0.0;1000832.0;488012.8;3145728.0;1118999.7;524288.0;410846.8;142;4.164;0;0.000;4.164
2016-07-15T18:38:13;19136.0;23872.0;19115.3;0.0;1000832.0;520964.5;3145728.0;1118999.7;524288.0;410847.5;142;4.164;0;0.000;4.164
2016-07-15T18:39:13;19136.0;23872.0;19115.3;0.0;1000832.0;552418.0;3145728.0;1118999.7;524288.0;410847.5;142;4.164;0;0.000;4.164
2016-07-15T18:40:13;19136.0;23872.0;19115.3;0.0;1000832.0;583892.9;3145728.0;1118999.7;524288.0;410847.9;142;4.164;0;0.000;4.164
2016-07-15T18:41:13;19136.0;23872.0;19115.3;0.0;1000832.0;616674.7;3145728.0;1118999.7;524288.0;410847.9;142;4.164;0;0.000;4.164
2016-07-15T18:42:13;19136.0;23872.0;19115.3;0.0;1000832.0;648167.3;3145728.0;1118999.7;524288.0;410847.9;142;4.164;0;0.000;4.164
2016-07-15T18:43:13;19136.0;23872.0;19115.3;0.0;1000832.0;680879.9;3145728.0;1118999.7;524288.0;410847.9;142;4.164;0;0.000;4.164
2016-07-15T18:44:13;19136.0;23872.0;19115.3;0.0;1000832.0;713109.4;3145728.0;1118999.7;524288.0;410849.7;142;4.164;0;0.000;4.164
2016-07-15T18:45:13;19136.0;23872.0;19115.3;0.0;1000832.0;744611.6;3145728.0;1118999.7;524288.0;410851.1;142;4.164;0;0.000;4.164
2016-07-15T18:46:13;19136.0;23872.0;19115.3;0.0;1000832.0;776246.4;3145728.0;1118999.7;524288.0;410851.1;142;4.164;0;0.000;4.164
2016-07-15T18:47:13;19136.0;23872.0;19115.3;0.0;1000832.0;807794.6;3145728.0;1118999.7;524288.0;410853.5;142;4.164;0;0.000;4.164
2016-07-15T18:48:13;19136.0;23872.0;19115.3;0.0;1000832.0;839292.2;3145728.0;1118999.7;524288.0;410853.5;142;4.164;0;0.000;4.164
2016-07-15T18:49:13;19136.0;23872.0;19115.3;0.0;1000832.0;872228.1;3145728.0;1118999.7;524288.0;410853.5;142;4.164;0;0.000;4.164
2016-07-15T18:50:13;19136.0;23872.0;19115.3;0.0;1000832.0;905188.2;3145728.0;1118999.7;524288.0;410853.5;142;4.164;0;0.000;4.164
2016-07-15T18:51:13;19136.0;23872.0;19115.3;0.0;1000832.0;936963.6;3145728.0;1118999.7;524288.0;410853.9;142;4.164;0;0.000;4.164
2016-07-15T18:52:13;19136.0;23872.0;19115.3;0.0;1000832.0;968449.6;3145728.0;1118999.7;524288.0;410853.9;142;4.164;0;0.000;4.164
2016-07-15T18:53:13;19136.0;23872.0;19115.3;0.0;1000832.0;1000076.1;3145728.0;1118999.7;524288.0;410853.9;142;4.164;0;0.000;4.164
2016-07-15T18:54:13;24128.0;7168.0;0.0;7107.0;1000832.0;45749.8;3145728.0;1132188.7;524288.0;410853.9;143;4.191;0;0.000;4.191
2016-07-15T18:55:13;24128.0;7168.0;0.0;7107.0;1000832.0;75581.5;3145728.0;1132188.7;524288.0;410853.9;143;4.191;0;0.000;4.191
2016-07-15T18:56:13;24128.0;7168.0;0.0;7107.0;1000832.0;104848.4;3145728.0;1132188.7;524288.0;410855.5;143;4.191;0;0.000;4.191
2016-07-15T18:57:13;24128.0;7168.0;0.0;7107.0;1000832.0;139675.1;3145728.0;1132188.7;524288.0;410855.5;143;4.191;0;0.000;4.191
2016-07-15T18:58:13;24128.0;7168.0;0.0;7107.0;1000832.0;169006.4;3145728.0;1132188.7;524288.0;410855.8;143;4.191;0;0.000;4.191
2016-07-15T18:59:14;24128.0;7168.0;0.0;7107.0;1000832.0;204019.8;3145728.0;1132188.7;524288.0;410856.2;143;4.191;0;0.000;4.191
2016-07-15T19:00:14;24128.0;7168.0;0.0;7107.0;1000832.0;233628.3;3145728.0;1132188.7;524288.0;410856.2;143;4.191;0;0.000;4.191
2016-07-15T19:01:14;24128.0;7168.0;0.0;7107.0;1000832.0;262781.8;3145728.0;1132188.7;524288.0;410856.2;143;4.191;0;0.000;4.191
2016-07-15T19:02:14;24128.0;7168.0;0.0;7107.0;1000832.0;297709.4;3145728.0;1132188.7;524288.0;410856.2;143;4.191;0;0.000;4.191
2016-07-15T19:03:14;24128.0;7168.0;0.0;7107.0;1000832.0;327118.0;3145728.0;1132188.7;524288.0;410856.6;143;4.191;0;0.000;4.191
2016-07-15T19:04:14;24128.0;7168.0;0.0;7107.0;1000832.0;356603.9;3145728.0;1132188.7;524288.0;410860.2;143;4.191;0;0.000;4.191
2016-07-15T19:05:14;24128.0;7168.0;0.0;7107.0;1000832.0;391506.4;3145728.0;1132188.7;524288.0;410860.2;143;4.191;0;0.000;4.191
2016-07-15T19:06:14;24128.0;7168.0;0.0;7107.0;1000832.0;420817.1;3145728.0;1132188.7;524288.0;410860.2;143;4.191;0;0.000;4.191
2016-07-15T19:07:14;24128.0;7168.0;0.0;7107.0;1000832.0;450319.4;3145728.0;1132188.7;524288.0;410860.2;143;4.191;0;0.000;4.191
2016-07-15T19:08:14;24128.0;7168.0;0.0;7107.0;1000832.0;485141.3;3145728.0;1132188.7;524288.0;410860.2;143;4.191;0;0.000;4.191
2016-07-15T19:09:14;24128.0;7168.0;0.0;7107.0;1000832.0;517764.6;3145728.0;1132188.7;524288.0;410862.5;143;4.191;0;0.000;4.191
2016-07-15T19:10:14;24128.0;7168.0;0.0;7107.0;1000832.0;553608.2;3145728.0;1132188.7;524288.0;410864.0;143;4.191;0;0.000;4.191
2016-07-15T19:11:14;24128.0;7168.0;0.0;7107.0;1000832.0;586705.7;3145728.0;1132188.7;524288.0;410864.3;143;4.191;0;0.000;4.191
2016-07-15T19:12:14;24128.0;7168.0;0.0;7107.0;1000832.0;617337.8;3145728.0;1132188.7;524288.0;410866.5;143;4.191;0;0.000;4.191
2016-07-15T19:13:14;24128.0;7168.0;0.0;7107.0;1000832.0;652812.6;3145728.0;1132188.7;524288.0;410866.5;143;4.191;0;0.000;4.191
2016-07-15T19:14:14;24128.0;7168.0;0.0;7107.0;1000832.0;682436.3;3145728.0;1132188.7;524288.0;410868.5;143;4.191;0;0.000;4.191
2016-07-15T19:15:14;24128.0;7168.0;0.0;7107.0;1000832.0;711908.5;3145728.0;1132188.7;524288.0;410868.8;143;4.191;0;0.000;4.191
2016-07-15T19:16:14;24128.0;7168.0;0.0;7107.0;1000832.0;746633.7;3145728.0;1132188.7;524288.0;410868.8;143;4.191;0;0.000;4.191
2016-07-15T19:17:14;24128.0;7168.0;0.0;7107.0;1000832.0;776247.7;3145728.0;1132188.7;524288.0;410869.3;143;4.191;0;0.000;4.191
2016-07-15T19:18:14;24128.0;7168.0;0.0;7107.0;1000832.0;805494.7;3145728.0;1132188.7;524288.0;410869.5;143;4.191;0;0.000;4.191
2016-07-15T19:19:14;24128.0;7168.0;0.0;7107.0;1000832.0;840352.5;3145728.0;1132188.7;524288.0;410869.5;143;4.191;0;0.000;4.191
2016-07-15T19:20:14;24128.0;7168.0;0.0;7107.0;1000832.0;869966.3;3145728.0;1132188.7;524288.0;410869.6;143;4.191;0;0.000;4.191
2016-07-15T19:21:14;24128.0;7168.0;0.0;7107.0;1000832.0;904602.7;3145728.0;1132188.7;524288.0;410869.6;143;4.191;0;0.000;4.191
2016-07-15T19:22:14;24128.0;7168.0;0.0;7107.0;1000832.0;934219.8;3145728.0;1132188.7;524288.0;410869.6;143;4.191;0;0.000;4.191
2016-07-15T19:23:14;24128.0;7168.0;0.0;7107.0;1000832.0;964393.7;3145728.0;1132188.7;524288.0;410869.6;143;4.191;0;0.000;4.191
2016-07-15T19:24:14;24128.0;7168.0;0.0;7107.0;1000832.0;999323.9;3145728.0;1132188.7;524288.0;410869.6;143;4.191;0;0.000;4.191
2016-07-15T19:25:14;24128.0;25088.0;1408.0;0.0;998400.0;39439.0;3145728.0;1138111.7;524288.0;410870.1;144;4.212;0;0.000;4.212
2016-07-15T19:26:14;24128.0;25088.0;1408.0;0.0;998400.0;71703.5;3145728.0;1138111.7;524288.0;410871.9;144;4.212;0;0.000;4.212
2016-07-15T19:27:14;24128.0;25088.0;1408.0;0.0;998400.0;103578.6;3145728.0;1138111.7;524288.0;410872.3;144;4.212;0;0.000;4.212
2016-07-15T19:28:14;24128.0;25088.0;1408.0;0.0;998400.0;135559.7;3145728.0;1138111.7;524288.0;410872.6;144;4.212;0;0.000;4.212
2016-07-15T19:29:14;24128.0;25088.0;1408.0;0.0;998400.0;167169.9;3145728.0;1138111.7;524288.0;410872.6;144;4.212;0;0.000;4.212
2016-07-15T19:30:14;24128.0;25088.0;1408.0;0.0;998400.0;199232.2;3145728.0;1138111.7;524288.0;410872.9;144;4.212;0;0.000;4.212
2016-07-15T19:31:14;24128.0;25088.0;1408.0;0.0;998400.0;231310.8;3145728.0;1138111.7;524288.0;410872.9;144;4.212;0;0.000;4.212
2016-07-15T19:32:14;24128.0;25088.0;1408.0;0.0;998400.0;263334.5;3145728.0;1138111.7;524288.0;410873.3;144;4.212;0;0.000;4.212
2016-07-15T19:33:14;24128.0;25088.0;1408.0;0.0;998400.0;286698.2;3145728.0;1138111.7;524288.0;410873.3;144;4.212;0;0.000;4.212
2016-07-15T19:34:14;24128.0;25088.0;1408.0;0.0;998400.0;319673.0;3145728.0;1138111.7;524288.0;410874.7;144;4.212;0;0.000;4.212
2016-07-15T19:35:14;24128.0;25088.0;1408.0;0.0;998400.0;351740.1;3145728.0;1138111.7;524288.0;410875.1;144;4.212;0;0.000;4.212
2016-07-15T19:36:14;24128.0;25088.0;1408.0;0.0;998400.0;383818.0;3145728.0;1138111.7;524288.0;410875.1;144;4.212;0;0.000;4.212
2016-07-15T19:37:14;24128.0;25088.0;1408.0;0.0;998400.0;416507.7;3145728.0;1138111.7;524288.0;410875.7;144;4.212;0;0.000;4.212
2016-07-15T19:38:14;24128.0;25088.0;1408.0;0.0;998400.0;449296.8;3145728.0;1138111.7;524288.0;410875.7;144;4.212;0;0.000;4.212
2016-07-15T19:39:14;24128.0;25088.0;1408.0;0.0;998400.0;480945.0;3145728.0;1138111.7;524288.0;410875.7;144;4.212;0;0.000;4.212
2016-07-15T19:40:14;24128.0;25088.0;1408.0;0.0;998400.0;513698.9;3145728.0;1138111.7;524288.0;410875.7;144;4.212;0;0.000;4.212
2016-07-15T19:41:14;24128.0;25088.0;1408.0;0.0;998400.0;549147.5;3145728.0;1138111.7;524288.0;410879.6;144;4.212;0;0.000;4.212
2016-07-15T19:42:14;24128.0;25088.0;1408.0;0.0;998400.0;581205.8;3145728.0;1138111.7;524288.0;410879.6;144;4.212;0;0.000;4.212
2016-07-15T19:43:14;24128.0;25088.0;1408.0;0.0;998400.0;614531.9;3145728.0;1138111.7;524288.0;410880.6;144;4.212;0;0.000;4.212
2016-07-15T19:44:14;24128.0;25088.0;1408.0;0.0;998400.0;646161.4;3145728.0;1138111.7;524288.0;410880.6;144;4.212;0;0.000;4.212
2016-07-15T19:45:14;24128.0;25088.0;1408.0;0.0;998400.0;678248.9;3145728.0;1138111.7;524288.0;410881.2;144;4.212;0;0.000;4.212
2016-07-15T19:46:14;24128.0;25088.0;1408.0;0.0;998400.0;711568.9;3145728.0;1138111.7;524288.0;410881.2;144;4.212;0;0.000;4.212
2016-07-15T19:47:14;24128.0;25088.0;1408.0;0.0;998400.0;744319.5;3145728.0;1138111.7;524288.0;410881.2;144;4.212;0;0.000;4.212
2016-07-15T19:48:14;24128.0;25088.0;1408.0;0.0;998400.0;775969.8;3145728.0;1138111.7;524288.0;410881.2;144;4.212;0;0.000;4.212
2016-07-15T19:49:14;24128.0;25088.0;1408.0;0.0;998400.0;808042.9;3145728.0;1138111.7;524288.0;410881.2;144;4.212;0;0.000;4.212
2016-07-15T19:50:14;24128.0;25088.0;1408.0;0.0;998400.0;840042.1;3145728.0;1138111.7;524288.0;410881.2;144;4.212;0;0.000;4.212
2016-07-15T19:51:14;24128.0;25088.0;1408.0;0.0;998400.0;862896.5;3145728.0;1138111.7;524288.0;410881.5;144;4.212;0;0.000;4.212
2016-07-15T19:52:14;24128.0;25088.0;1408.0;0.0;998400.0;896434.8;3145728.0;1138111.7;524288.0;410881.5;144;4.212;0;0.000;4.212
2016-07-15T19:53:14;24128.0;25088.0;1408.0;0.0;998400.0;928088.9;3145728.0;1138111.7;524288.0;410881.7;144;4.212;0;0.000;4.212
2016-07-15T19:54:14;24128.0;25088.0;1408.0;0.0;998400.0;960715.3;3145728.0;1138111.7;524288.0;410881.7;144;4.212;0;0.000;4.212
2016-07-15T19:55:14;24128.0;25088.0;1408.0;0.0;998400.0;992730.5;3145728.0;1138111.7;524288.0;410881.7;144;4.212;0;0.000;4.212
2016-07-15T19:56:14;25728.0;1152.0;0.0;1152.0;998400.0;33162.0;3145728.0;1138211.7;524288.0;410882.0;145;4.233;0;0.000;4.233
2016-07-15T19:57:14;25728.0;1152.0;0.0;1152.0;998400.0;61029.8;3145728.0;1138211.7;524288.0;410882.0;145;4.233;0;0.000;4.233
2016-07-15T19:58:14;25728.0;1152.0;0.0;1152.0;998400.0;101876.7;3145728.0;1138211.7;524288.0;410882.0;145;4.233;0;0.000;4.233
2016-07-15T19:59:14;25728.0;1152.0;0.0;1152.0;998400.0;129465.8;3145728.0;1138211.7;524288.0;410882.0;145;4.233;0;0.000;4.233
2016-07-15T20:00:14;25728.0;1152.0;0.0;1152.0;998400.0;157638.6;3145728.0;1138211.7;524288.0;410882.3;145;4.233;0;0.000;4.233
2016-07-15T20:01:14;25728.0;1152.0;0.0;1152.0;998400.0;198465.0;3145728.0;1138211.7;524288.0;410882.3;145;4.233;0;0.000;4.233
2016-07-15T20:02:14;25728.0;1152.0;0.0;1152.0;998400.0;227603.4;3145728.0;1138211.7;524288.0;410882.3;145;4.233;0;0.000;4.233
2016-07-15T20:03:14;25728.0;1152.0;0.0;1152.0;998400.0;256057.4;3145728.0;1138211.7;524288.0;410882.3;145;4.233;0;0.000;4.233
2016-07-15T20:04:14;25728.0;1152.0;0.0;1152.0;998400.0;284654.8;3145728.0;1138211.7;524288.0;410882.3;145;4.233;0;0.000;4.233
2016-07-15T20:05:14;25728.0;1152.0;0.0;1152.0;998400.0;327158.1;3145728.0;1138211.7;524288.0;410882.3;145;4.233;0;0.000;4.233
2016-07-15T20:06:14;25728.0;1152.0;0.0;1152.0;998400.0;355461.4;3145728.0;1138211.7;524288.0;410882.8;145;4.233;0;0.000;4.233
2016-07-15T20:07:14;25728.0;1152.0;0.0;1152.0;998400.0;383121.8;3145728.0;1138211.7;524288.0;410882.8;145;4.233;0;0.000;4.233
2016-07-15T20:08:14;25728.0;1152.0;0.0;1152.0;998400.0;411709.1;3145728.0;1138211.7;524288.0;410882.8;145;4.233;0;0.000;4.233
2016-07-15T20:09:14;25728.0;1152.0;0.0;1152.0;998400.0;453039.1;3145728.0;1138211.7;524288.0;410882.8;145;4.233;0;0.000;4.233
2016-07-15T20:10:14;25728.0;1152.0;0.0;1152.0;998400.0;481589.7;3145728.0;1138211.7;524288.0;410882.8;145;4.233;0;0.000;4.233
2016-07-15T20:11:14;25728.0;1152.0;0.0;1152.0;998400.0;510405.1;3145728.0;1138211.7;524288.0;410883.5;145;4.233;0;0.000;4.233
2016-07-15T20:12:14;25728.0;1152.0;0.0;1152.0;998400.0;550954.9;3145728.0;1138211.7;524288.0;410883.7;145;4.233;0;0.000;4.233
2016-07-15T20:13:14;25728.0;1152.0;0.0;1152.0;998400.0;579088.7;3145728.0;1138211.7;524288.0;410883.7;145;4.233;0;0.000;4.233
2016-07-15T20:14:14;25728.0;1152.0;0.0;1152.0;998400.0;608193.8;3145728.0;1138211.7;524288.0;410883.7;145;4.233;0;0.000;4.233
2016-07-15T20:15:14;25728.0;1152.0;0.0;1152.0;998400.0;637676.0;3145728.0;1138211.7;524288.0;410883.9;145;4.233;0;0.000;4.233
2016-07-15T20:16:14;25728.0;1152.0;0.0;1152.0;998400.0;678443.1;3145728.0;1138211.7;524288.0;410883.9;145;4.233;0;0.000;4.233
2016-07-15T20:17:14;25728.0;1152.0;0.0;1152.0;998400.0;706953.3;3145728.0;1138211.7;524288.0;410883.9;145;4.233;0;0.000;4.233
2016-07-15T20:18:14;25728.0;1152.0;0.0;1152.0;998400.0;735382.1;3145728.0;1138211.7;524288.0;410883.9;145;4.233;0;0.000;4.233
2016-07-15T20:19:14;25728.0;1152.0;0.0;1152.0;998400.0;763850.8;3145728.0;1138211.7;524288.0;410883.9;145;4.233;0;0.000;4.233
2016-07-15T20:20:14;25728.0;1152.0;0.0;1152.0;998400.0;804550.0;3145728.0;1138211.7;524288.0;410884.6;145;4.233;0;0.000;4.233
2016-07-15T20:21:14;25728.0;1152.0;0.0;1152.0;998400.0;832707.2;3145728.0;1138211.7;524288.0;410885.1;145;4.233;0;0.000;4.233
2016-07-15T20:22:14;25728.0;1152.0;0.0;1152.0;998400.0;861251.4;3145728.0;1138211.7;524288.0;410886.9;145;4.233;0;0.000;4.233
2016-07-15T20:23:14;25728.0;1152.0;0.0;1152.0;998400.0;903133.7;3145728.0;1138211.7;524288.0;410888.1;145;4.233;0;0.000;4.233
2016-07-15T20:24:14;25728.0;1152.0;0.0;1152.0;998400.0;932304.5;3145728.0;1138211.7;524288.0;410888.1;145;4.233;0;0.000;4.233
2016-07-15T20:25:14;25728.0;1152.0;0.0;1152.0;998400.0;960884.7;3145728.0;1138211.7;524288.0;410888.1;145;4.233;0;0.000;4.233
2016-07-15T20:26:14;25728.0;1152.0;0.0;1152.0;998400.0;989261.0;3145728.0;1138211.7;524288.0;410888.1;145;4.233;0;0.000;4.233
2016-07-15T20:27:14;25728.0;25920.0;1344.0;0.0;996736.0;34948.2;3145728.0;1138227.7;524288.0;410888.5;146;4.256;0;0.000;4.256
2016-07-15T20:28:14;25728.0;25920.0;1344.0;0.0;996736.0;66803.0;3145728.0;1138227.7;524288.0;410888.5;146;4.256;0;0.000;4.256
2016-07-15T20:29:14;25728.0;25920.0;1344.0;0.0;996736.0;98435.1;3145728.0;1138227.7;524288.0;410890.2;146;4.256;0;0.000;4.256
2016-07-15T20:30:14;25728.0;25920.0;1344.0;0.0;996736.0;130053.9;3145728.0;1138227.7;524288.0;410890.2;146;4.256;0;0.000;4.256
2016-07-15T20:31:14;25728.0;25920.0;1344.0;0.0;996736.0;162942.9;3145728.0;1138227.7;524288.0;410890.4;146;4.256;0;0.000;4.256
2016-07-15T20:32:14;25728.0;25920.0;1344.0;0.0;996736.0;195271.7;3145728.0;1138227.7;524288.0;410890.4;146;4.256;0;0.000;4.256
2016-07-15T20:33:14;25728.0;25920.0;1344.0;0.0;996736.0;227529.9;3145728.0;1138227.7;524288.0;410890.4;146;4.256;0;0.000;4.256
2016-07-15T20:34:14;25728.0;25920.0;1344.0;0.0;996736.0;259510.1;3145728.0;1138227.7;524288.0;410890.4;146;4.256;0;0.000;4.256
2016-07-15T20:35:14;25728.0;25920.0;1344.0;0.0;996736.0;291829.0;3145728.0;1138227.7;524288.0;410890.4;146;4.256;0;0.000;4.256
2016-07-15T20:36:14;25728.0;25920.0;1344.0;0.0;996736.0;323789.4;3145728.0;1138227.7;524288.0;410890.4;146;4.256;0;0.000;4.256
2016-07-15T20:37:14;25728.0;25920.0;1344.0;0.0;996736.0;356152.8;3145728.0;1138227.7;524288.0;410890.7;146;4.256;0;0.000;4.256
2016-07-15T20:38:14;25728.0;25920.0;1344.0;0.0;996736.0;388752.7;3145728.0;1138227.7;524288.0;410890.8;146;4.256;0;0.000;4.256
2016-07-15T20:39:14;25728.0;25920.0;1344.0;0.0;996736.0;420383.8;3145728.0;1138227.7;524288.0;410891.1;146;4.256;0;0.000;4.256
2016-07-15T20:40:14;25728.0;25920.0;1344.0;0.0;996736.0;452568.2;3145728.0;1138227.7;524288.0;410891.6;146;4.256;0;0.000;4.256
2016-07-15T20:41:14;25728.0;25920.0;1344.0;0.0;996736.0;485879.8;3145728.0;1138227.7;524288.0;410891.6;146;4.256;0;0.000;4.256
2016-07-15T20:42:14;25728.0;25920.0;1344.0;0.0;996736.0;517843.2;3145728.0;1138227.7;524288.0;410892.7;146;4.256;0;0.000;4.256
2016-07-15T20:43:14;25728.0;25920.0;1344.0;0.0;996736.0;549508.4;3145728.0;1138227.7;524288.0;410892.9;146;4.256;0;0.000;4.256
2016-07-15T20:44:14;25728.0;25920.0;1344.0;0.0;996736.0;581765.0;3145728.0;1138227.7;524288.0;410892.9;146;4.256;0;0.000;4.256
2016-07-15T20:45:14;25728.0;25920.0;1344.0;0.0;996736.0;613989.7;3145728.0;1138227.7;524288.0;410892.9;146;4.256;0;0.000;4.256
2016-07-15T20:46:14;25728.0;25920.0;1344.0;0.0;996736.0;646613.0;3145728.0;1138227.7;524288.0;410893.2;146;4.256;0;0.000;4.256
2016-07-15T20:47:14;25728.0;25920.0;1344.0;0.0;996736.0;679333.1;3145728.0;1138227.7;524288.0;410893.9;146;4.256;0;0.000;4.256
2016-07-15T20:48:14;25728.0;25920.0;1344.0;0.0;996736.0;711311.4;3145728.0;1138227.7;524288.0;410894.2;146;4.256;0;0.000;4.256
2016-07-15T20:49:14;25728.0;25920.0;1344.0;0.0;996736.0;743196.8;3145728.0;1138227.7;524288.0;410894.5;146;4.256;0;0.000;4.256
2016-07-15T20:50:14;25728.0;25920.0;1344.0;0.0;996736.0;775735.2;3145728.0;1138227.7;524288.0;410895.0;146;4.256;0;0.000;4.256
2016-07-15T20:51:14;25728.0;25920.0;1344.0;0.0;996736.0;807384.8;3145728.0;1138227.7;524288.0;410895.0;146;4.256;0;0.000;4.256
2016-07-15T20:52:14;25728.0;25920.0;1344.0;0.0;996736.0;824283.9;3145728.0;1138227.7;524288.0;410895.0;146;4.256;0;0.000;4.256
2016-07-15T20:53:14;25728.0;25920.0;1344.0;0.0;996736.0;857225.8;3145728.0;1138227.7;524288.0;410895.0;146;4.256;0;0.000;4.256
2016-07-15T20:54:14;25728.0;25920.0;1344.0;0.0;996736.0;889597.7;3145728.0;1138227.7;524288.0;410895.0;146;4.256;0;0.000;4.256
2016-07-15T20:55:14;25728.0;25920.0;1344.0;0.0;996736.0;921876.5;3145728.0;1138227.7;524288.0;410895.0;146;4.256;0;0.000;4.256
2016-07-15T20:56:15;25728.0;25920.0;1344.0;0.0;996736.0;953797.2;3145728.0;1138227.7;524288.0;410895.0;146;4.256;0;0.000;4.256
2016-07-15T20:57:15;25728.0;25920.0;1344.0;0.0;996736.0;985381.4;3145728.0;1138227.7;524288.0;410895.0;146;4.256;0;0.000;4.256
2016-07-15T20:58:15;25856.0;25920.0;0.0;1408.0;996736.0;36527.4;3145728.0;1138243.7;524288.0;410895.0;147;4.275;0;0.000;4.275
2016-07-15T20:59:15;25856.0;25920.0;0.0;1408.0;996736.0;55349.1;3145728.0;1138243.7;524288.0;410895.0;147;4.275;0;0.000;4.275
2016-07-15T21:00:15;25856.0;25920.0;0.0;1408.0;996736.0;89753.9;3145728.0;1138243.7;524288.0;410895.0;147;4.275;0;0.000;4.275
2016-07-15T21:01:15;25856.0;25920.0;0.0;1408.0;996736.0;124294.2;3145728.0;1138243.7;524288.0;410900.7;147;4.275;0;0.000;4.275
2016-07-15T21:02:15;25856.0;25920.0;0.0;1408.0;996736.0;159205.2;3145728.0;1138243.7;524288.0;410900.7;147;4.275;0;0.000;4.275
2016-07-15T21:03:15;25856.0;25920.0;0.0;1408.0;996736.0;193779.2;3145728.0;1138243.7;524288.0;410900.7;147;4.275;0;0.000;4.275
2016-07-15T21:04:15;25856.0;25920.0;0.0;1408.0;996736.0;228256.6;3145728.0;1138243.7;524288.0;410901.0;147;4.275;0;0.000;4.275
2016-07-15T21:05:15;25856.0;25920.0;0.0;1408.0;996736.0;247333.3;3145728.0;1138243.7;524288.0;410901.0;147;4.275;0;0.000;4.275
2016-07-15T21:06:15;25856.0;25920.0;0.0;1408.0;996736.0;282437.9;3145728.0;1138243.7;524288.0;410901.0;147;4.275;0;0.000;4.275
2016-07-15T21:07:15;25856.0;25920.0;0.0;1408.0;996736.0;316979.7;3145728.0;1138243.7;524288.0;410901.0;147;4.275;0;0.000;4.275
2016-07-15T21:08:15;25856.0;25920.0;0.0;1408.0;996736.0;351457.1;3145728.0;1138243.7;524288.0;410901.0;147;4.275;0;0.000;4.275
2016-07-15T21:09:15;25856.0;25920.0;0.0;1408.0;996736.0;385307.1;3145728.0;1138243.7;524288.0;410901.3;147;4.275;0;0.000;4.275
2016-07-15T21:10:15;25856.0;25920.0;0.0;1408.0;996736.0;420440.2;3145728.0;1138243.7;524288.0;410901.3;147;4.275;0;0.000;4.275
2016-07-15T21:11:15;25856.0;25920.0;0.0;1408.0;996736.0;439961.1;3145728.0;1138243.7;524288.0;410901.3;147;4.275;0;0.000;4.275
2016-07-15T21:12:15;25856.0;25920.0;0.0;1408.0;996736.0;474626.0;3145728.0;1138243.7;524288.0;410901.3;147;4.275;0;0.000;4.275
2016-07-15T21:13:15;25856.0;25920.0;0.0;1408.0;996736.0;508746.0;3145728.0;1138243.7;524288.0;410901.3;147;4.275;0;0.000;4.275
2016-07-15T21:14:15;25856.0;25920.0;0.0;1408.0;996736.0;543285.0;3145728.0;1138243.7;524288.0;410901.3;147;4.275;0;0.000;4.275
2016-07-15T21:15:15;25856.0;25920.0;0.0;1408.0;996736.0;577990.3;3145728.0;1138243.7;524288.0;410901.7;147;4.275;0;0.000;4.275
2016-07-15T21:16:15;25856.0;25920.0;0.0;1408.0;996736.0;612864.7;3145728.0;1138243.7;524288.0;410901.7;147;4.275;0;0.000;4.275
2016-07-15T21:17:15;25856.0;25920.0;0.0;1408.0;996736.0;631906.9;3145728.0;1138243.7;524288.0;410901.7;147;4.275;0;0.000;4.275
2016-07-15T21:18:15;25856.0;25920.0;0.0;1408.0;996736.0;667368.2;3145728.0;1138243.7;524288.0;410901.7;147;4.275;0;0.000;4.275
2016-07-15T21:19:15;25856.0;25920.0;0.0;1408.0;996736.0;701170.3;3145728.0;1138243.7;524288.0;410901.7;147;4.275;0;0.000;4.275
2016-07-15T21:20:15;25856.0;25920.0;0.0;1408.0;996736.0;735196.6;3145728.0;1138243.7;524288.0;410902.0;147;4.275;0;0.000;4.275
2016-07-15T21:21:15;25856.0;25920.0;0.0;1408.0;996736.0;770142.2;3145728.0;1138243.7;524288.0;410902.0;147;4.275;0;0.000;4.275
2016-07-15T21:22:15;25856.0;25920.0;0.0;1408.0;996736.0;805379.7;3145728.0;1138243.7;524288.0;410902.0;147;4.275;0;0.000;4.275
2016-07-15T21:23:15;25856.0;25920.0;0.0;1408.0;996736.0;824157.7;3145728.0;1138243.7;524288.0;410902.0;147;4.275;0;0.000;4.275
2016-07-15T21:24:15;25856.0;25920.0;0.0;1408.0;996736.0;858772.8;3145728.0;1138243.7;524288.0;410902.0;147;4.275;0;0.000;4.275
2016-07-15T21:25:15;25856.0;25920.0;0.0;1408.0;996736.0;893158.3;3145728.0;1138243.7;524288.0;410902.0;147;4.275;0;0.000;4.275
2016-07-15T21:26:15;25856.0;25920.0;0.0;1408.0;996736.0;927604.4;3145728.0;1138243.7;524288.0;410902.0;147;4.275;0;0.000;4.275
2016-07-15T21:27:15;25856.0;25920.0;0.0;1408.0;996736.0;962621.2;3145728.0;1138243.7;524288.0;410902.0;147;4.275;0;0.000;4.275
2016-07-15T21:28:15;25856.0;25600.0;1088.0;0.0;997120.0;2546.9;3145728.0;1138251.7;524288.0;410902.0;148;4.295;0;0.000;4.295
2016-07-15T21:29:15;25856.0;25600.0;1088.0;0.0;997120.0;38583.2;3145728.0;1138251.7;524288.0;410902.0;148;4.295;0;0.000;4.295
2016-07-15T21:30:15;25856.0;25600.0;1088.0;0.0;997120.0;74303.8;3145728.0;1138251.7;524288.0;410902.0;148;4.295;0;0.000;4.295
2016-07-15T21:31:15;25856.0;25600.0;1088.0;0.0;997120.0;111122.8;3145728.0;1138251.7;524288.0;410902.0;148;4.295;0;0.000;4.295
2016-07-15T21:32:15;25856.0;25600.0;1088.0;0.0;997120.0;130550.3;3145728.0;1138251.7;524288.0;410902.0;148;4.295;0;0.000;4.295
2016-07-15T21:33:15;25856.0;25600.0;1088.0;0.0;997120.0;167096.2;3145728.0;1138251.7;524288.0;410902.0;148;4.295;0;0.000;4.295
2016-07-15T21:34:15;25856.0;25600.0;1088.0;0.0;997120.0;202641.0;3145728.0;1138251.7;524288.0;410902.0;148;4.295;0;0.000;4.295
2016-07-15T21:35:15;25856.0;25600.0;1088.0;0.0;997120.0;239233.1;3145728.0;1138251.7;524288.0;410902.0;148;4.295;0;0.000;4.295
2016-07-15T21:36:15;25856.0;25600.0;1088.0;0.0;997120.0;258762.9;3145728.0;1138251.7;524288.0;410902.0;148;4.295;0;0.000;4.295
2016-07-15T21:37:15;25856.0;25600.0;1088.0;0.0;997120.0;295169.2;3145728.0;1138251.7;524288.0;410902.0;148;4.295;0;0.000;4.295
2016-07-15T21:38:15;25856.0;25600.0;1088.0;0.0;997120.0;331145.9;3145728.0;1138251.7;524288.0;410902.0;148;4.295;0;0.000;4.295
2016-07-15T21:39:15;25856.0;25600.0;1088.0;0.0;997120.0;367568.3;3145728.0;1138251.7;524288.0;410902.0;148;4.295;0;0.000;4.295
2016-07-15T21:40:15;25856.0;25600.0;1088.0;0.0;997120.0;387285.0;3145728.0;1138251.7;524288.0;410902.0;148;4.295;0;0.000;4.295
2016-07-15T21:41:15;25856.0;25600.0;1088.0;0.0;997120.0;423637.6;3145728.0;1138251.7;524288.0;410902.0;148;4.295;0;0.000;4.295
2016-07-15T21:42:15;25856.0;25600.0;1088.0;0.0;997120.0;459741.7;3145728.0;1138251.7;524288.0;410902.0;148;4.295;0;0.000;4.295
2016-07-15T21:43:15;25856.0;25600.0;1088.0;0.0;997120.0;496432.3;3145728.0;1138251.7;524288.0;410902.0;148;4.295;0;0.000;4.295
2016-07-15T21:44:15;25856.0;25600.0;1088.0;0.0;997120.0;515411.1;3145728.0;1138251.7;524288.0;410902.0;148;4.295;0;0.000;4.295
2016-07-15T21:45:15;25856.0;25600.0;1088.0;0.0;997120.0;551937.8;3145728.0;1138251.7;524288.0;410902.0;148;4.295;0;0.000;4.295
2016-07-15T21:46:15;25856.0;25600.0;1088.0;0.0;997120.0;588200.4;3145728.0;1138251.7;524288.0;410902.0;148;4.295;0;0.000;4.295
2016-07-15T21:47:15;25856.0;25600.0;1088.0;0.0;997120.0;623845.0;3145728.0;1138251.7;524288.0;410903.0;148;4.295;0;0.000;4.295
2016-07-15T21:48:15;25856.0;25600.0;1088.0;0.0;997120.0;643640.8;3145728.0;1138251.7;524288.0;410903.0;148;4.295;0;0.000;4.295
2016-07-15T21:49:15;25856.0;25600.0;1088.0;0.0;997120.0;680351.2;3145728.0;1138251.7;524288.0;410903.0;148;4.295;0;0.000;4.295
2016-07-15T21:50:15;25856.0;25600.0;1088.0;0.0;997120.0;716462.0;3145728.0;1138251.7;524288.0;410903.4;148;4.295;0;0.000;4.295
2016-07-15T21:51:15;25856.0;25600.0;1088.0;0.0;997120.0;752283.4;3145728.0;1138251.7;524288.0;410903.4;148;4.295;0;0.000;4.295
2016-07-15T21:52:15;25856.0;25600.0;1088.0;0.0;997120.0;772292.9;3145728.0;1138251.7;524288.0;410903.4;148;4.295;0;0.000;4.295
2016-07-15T21:53:15;25856.0;25600.0;1088.0;0.0;997120.0;808828.1;3145728.0;1138251.7;524288.0;410903.4;148;4.295;0;0.000;4.295
2016-07-15T21:54:15;25856.0;25600.0;1088.0;0.0;997120.0;844584.4;3145728.0;1138251.7;524288.0;410903.4;148;4.295;0;0.000;4.295
2016-07-15T21:55:15;25856.0;25600.0;1088.0;0.0;997120.0;880394.0;3145728.0;1138251.7;524288.0;410903.4;148;4.295;0;0.000;4.295
2016-07-15T21:56:15;25856.0;25600.0;1088.0;0.0;997120.0;900691.2;3145728.0;1138251.7;524288.0;410903.4;148;4.295;0;0.000;4.295
2016-07-15T21:57:15;25856.0;25600.0;1088.0;0.0;997120.0;937233.2;3145728.0;1138251.7;524288.0;410903.4;148;4.295;0;0.000;4.295
2016-07-15T21:58:15;25856.0;25600.0;1088.0;0.0;997120.0;973166.6;3145728.0;1138251.7;524288.0;410903.4;148;4.295;0;0.000;4.295
2016-07-15T21:59:15;25152.0;25600.0;0.0;1152.0;997120.0;1984.1;3145728.0;1138347.7;524288.0;410903.7;149;4.312;0;0.000;4.312
2016-07-15T22:00:15;25152.0;25600.0;0.0;1152.0;997120.0;39648.8;3145728.0;1138347.7;524288.0;410903.7;149;4.312;0;0.000;4.312
2016-07-15T22:01:15;25152.0;25600.0;0.0;1152.0;997120.0;76667.7;3145728.0;1138347.7;524288.0;410903.9;149;4.312;0;0.000;4.312
2016-07-15T22:02:15;25152.0;25600.0;0.0;1152.0;997120.0;114363.0;3145728.0;1138347.7;524288.0;410903.9;149;4.312;0;0.000;4.312
2016-07-15T22:03:15;25152.0;25600.0;0.0;1152.0;997120.0;134551.3;3145728.0;1138347.7;524288.0;410903.9;149;4.312;0;0.000;4.312
2016-07-15T22:04:15;25152.0;25600.0;0.0;1152.0;997120.0;171425.1;3145728.0;1138347.7;524288.0;410903.9;149;4.312;0;0.000;4.312
2016-07-15T22:05:15;25152.0;25600.0;0.0;1152.0;997120.0;209421.6;3145728.0;1138347.7;524288.0;410903.9;149;4.312;0;0.000;4.312
2016-07-15T22:06:15;25152.0;25600.0;0.0;1152.0;997120.0;229460.4;3145728.0;1138347.7;524288.0;410903.9;149;4.312;0;0.000;4.312
2016-07-15T22:07:15;25152.0;25600.0;0.0;1152.0;997120.0;266216.1;3145728.0;1138347.7;524288.0;410903.9;149;4.312;0;0.000;4.312
2016-07-15T22:08:15;25152.0;25600.0;0.0;1152.0;997120.0;304454.3;3145728.0;1138347.7;524288.0;410903.9;149;4.312;0;0.000;4.312
2016-07-15T22:09:15;25152.0;25600.0;0.0;1152.0;997120.0;324133.1;3145728.0;1138347.7;524288.0;410903.9;149;4.312;0;0.000;4.312
2016-07-15T22:10:15;25152.0;25600.0;0.0;1152.0;997120.0;361960.2;3145728.0;1138347.7;524288.0;410903.9;149;4.312;0;0.000;4.312
2016-07-15T22:11:15;25152.0;25600.0;0.0;1152.0;997120.0;399141.3;3145728.0;1138347.7;524288.0;410903.9;149;4.312;0;0.000;4.312
2016-07-15T22:12:15;25152.0;25600.0;0.0;1152.0;997120.0;419273.9;3145728.0;1138347.7;524288.0;410903.9;149;4.312;0;0.000;4.312
2016-07-15T22:13:15;25152.0;25600.0;0.0;1152.0;997120.0;457097.6;3145728.0;1138347.7;524288.0;410908.8;149;4.312;0;0.000;4.312
2016-07-15T22:14:15;25152.0;25600.0;0.0;1152.0;997120.0;493983.7;3145728.0;1138347.7;524288.0;410908.8;149;4.312;0;0.000;4.312
2016-07-15T22:15:15;25152.0;25600.0;0.0;1152.0;997120.0;514767.8;3145728.0;1138347.7;524288.0;410908.8;149;4.312;0;0.000;4.312
2016-07-15T22:16:15;25152.0;25600.0;0.0;1152.0;997120.0;551965.2;3145728.0;1138347.7;524288.0;410908.8;149;4.312;0;0.000;4.312
2016-07-15T22:17:15;25152.0;25600.0;0.0;1152.0;997120.0;589035.6;3145728.0;1138347.7;524288.0;410908.8;149;4.312;0;0.000;4.312
2016-07-15T22:18:15;25152.0;25600.0;0.0;1152.0;997120.0;626769.7;3145728.0;1138347.7;524288.0;410908.8;149;4.312;0;0.000;4.312
2016-07-15T22:19:15;25152.0;25600.0;0.0;1152.0;997120.0;646906.3;3145728.0;1138347.7;524288.0;410908.8;149;4.312;0;0.000;4.312
2016-07-15T22:20:15;25152.0;25600.0;0.0;1152.0;997120.0;684032.9;3145728.0;1138347.7;524288.0;410908.8;149;4.312;0;0.000;4.312
2016-07-15T22:21:15;25152.0;25600.0;0.0;1152.0;997120.0;721714.6;3145728.0;1138347.7;524288.0;410908.8;149;4.312;0;0.000;4.312
2016-07-15T22:22:15;25152.0;25600.0;0.0;1152.0;997120.0;741521.0;3145728.0;1138347.7;524288.0;410909.2;149;4.312;0;0.000;4.312
2016-07-15T22:23:15;25152.0;25600.0;0.0;1152.0;997120.0;779416.4;3145728.0;1138347.7;524288.0;410909.4;149;4.312;0;0.000;4.312
2016-07-15T22:24:15;25152.0;25600.0;0.0;1152.0;997120.0;816753.0;3145728.0;1138347.7;524288.0;410909.4;149;4.312;0;0.000;4.312
2016-07-15T22:25:15;25152.0;25600.0;0.0;1152.0;997120.0;836782.0;3145728.0;1138347.7;524288.0;410909.6;149;4.312;0;0.000;4.312
