timestamp;r;b;swpd;free;inact;active;si;so;bi;bo;in;cs;us;sy;id;wa;st
2016-07-15T14:26:11;8;0;0;50707;1121;86558;0;0;1;8;0;0;3;0;97;0;0
2016-07-15T14:27:11;8;0;0;50701;1121;86562;0;0;1;8;0;0;3;0;97;0;0
2016-07-15T14:29:11;7;0;0;50673;1122;86590;0;0;1;8;0;0;3;0;97;0;0
2016-07-15T14:30:11;8;0;0;50670;1122;86592;0;0;1;8;0;0;3;0;97;0;0
2016-07-15T14:31:11;8;0;0;50660;1123;86606;0;0;1;8;0;0;3;0;97;0;0
2016-07-15T14:34:11;8;0;0;50635;1124;86626;0;0;1;8;0;0;3;0;97;0;0
2016-07-15T14:35:11;8;0;0;50578;1125;86680;0;0;1;8;0;0;3;0;97;0;0
2016-07-15T14:37:11;4;0;0;50540;1126;86718;0;0;1;8;0;0;3;0;97;0;0
2016-07-15T14:39:11;5;0;0;50526;1125;86735;0;0;1;8;0;0;3;0;97;0;0
2016-07-15T14:43:11;8;0;0;50490;1129;86764;0;0;1;8;0;0;3;0;97;0;0
2016-07-15T14:44:11;7;0;0;50484;1129;86769;0;0;1;8;0;0;3;0;97;0;0
2016-07-15T14:45:11;6;0;0;50462;1130;86789;0;0;1;8;0;0;3;0;97;0;0
2016-07-15T14:47:11;6;0;0;50453;1131;86799;0;0;1;8;0;0;3;0;97;0;0
2016-07-15T14:48:11;7;0;0;50446;1132;86810;0;0;1;8;0;0;3;0;97;0;0
2016-07-15T14:49:11;6;0;0;50436;1133;86813;0;0;1;8;0;0;3;0;97;0;0
2016-07-15T14:50:11;8;0;0;50421;1134;86826;0;0;1;8;0;0;3;0;97;0;0
2016-07-15T14:51:11;7;0;0;50381;1135;86865;0;0;1;8;0;0;3;0;97;0;0
2016-07-15T14:52:11;6;0;0;50379;1136;86868;0;0;1;8;0;0;3;0;97;0;0
2016-07-15T14:56:11;3;0;0;50351;1139;86891;0;0;1;8;0;0;3;0;97;0;0
2016-07-15T14:58:11;9;0;0;50332;1135;86914;0;0;1;8;0;0;3;0;97;0;0
2016-07-15T14:59:11;8;0;0;50330;1135;86916;0;0;1;8;0;0;3;0;97;0;0
2016-07-15T15:01:11;7;0;0;50322;1136;86919;0;0;1;8;0;0;3;0;97;0;0
2016-07-15T15:02:12;9;0;0;50320;1136;86921;0;0;1;8;0;0;3;0;97;0;0
2016-07-15T15:06:12;9;0;0;50288;1138;86954;0;0;1;8;0;0;3;0;97;0;0
2016-07-15T15:07:12;8;0;0;50292;1139;86949;0;0;1;8;0;0;3;0;97;0;0
2016-07-15T15:08:12;6;0;0;50293;1139;86949;0;0;1;8;0;0;3;0;97;0;0
2016-07-15T15:10:12;9;0;0;50282;1140;86961;0;0;1;8;0;0;3;0;97;0;0
2016-07-15T15:12:12;5;0;0;50204;1140;87037;0;0;1;8;0;0;3;0;97;0;0
2016-07-15T15:15:12;6;0;0;50181;1143;87050;0;0;1;8;0;0;3;0;97;0;0
2016-07-15T15:17:12;8;0;0;50172;1144;87060;0;0;1;8;0;0;3;0;97;0;0
2016-07-15T15:19:12;8;0;0;50172;1142;87065;0;0;1;8;0;0;3;0;97;0;0
2016-07-15T15:20:12;9;0;0;50157;1143;87077;0;0;1;8;0;0;3;0;97;0;0
2016-07-15T15:21:12;9;0;0;50154;1143;87080;0;0;1;8;0;0;3;0;97;0;0
2016-07-15T15:22:12;8;0;0;50148;1144;87088;0;0;1;8;0;0;3;0;97;0;0
2016-07-15T15:23:12;6;0;0;50156;1144;87079;0;0;1;8;0;0;3;0;97;0;0
2016-07-15T15:25:12;7;0;0;50147;1146;87091;0;0;1;8;0;0;3;0;97;0;0
2016-07-15T15:26:12;8;0;0;50133;1146;87102;0;0;1;8;0;0;3;0;97;0;0
2016-07-15T15:28:12;7;0;0;50141;1146;87094;0;0;1;8;0;0;3;0;97;0;0
2016-07-15T15:30:12;4;0;0;50128;1148;87105;0;0;1;8;0;0;3;0;97;0;0
2016-07-15T15:32:12;6;0;0;50136;1148;87098;0;0;1;8;0;0;3;0;97;0;0
2016-07-15T15:33:12;8;0;0;50137;1149;87098;0;0;1;8;0;0;3;0;97;0;0
2016-07-15T15:34:12;8;0;0;50134;1149;87099;0;0;1;8;0;0;3;0;97;0;0
2016-07-15T15:35:12;9;0;0;50122;1150;87110;0;0;1;8;0;0;3;0;97;0;0
2016-07-15T15:36:12;6;0;0;50129;1150;87101;0;0;1;8;0;0;3;0;97;0;0
2016-07-15T15:37:12;7;0;0;50130;1151;87102;0;0;1;8;0;0;3;0;97;0;0
2016-07-15T15:39:12;7;0;0;50122;1152;87109;0;0;1;8;0;0;3;0;97;0;0
2016-07-15T15:40:12;6;0;0;50106;1153;87122;0;0;1;8;0;0;3;0;97;0;0
2016-07-15T15:41:12;7;0;0;50104;1155;87123;0;0;1;8;0;0;3;0;97;0;0
2016-07-15T15:43:12;7;0;0;50089;1157;87137;0;0;1;8;0;0;3;0;97;0;0
2016-07-15T15:44:12;9;0;0;50085;1157;87140;0;0;1;8;0;0;3;0;97;0;0
2016-07-15T15:45:12;7;0;0;50082;1157;87142;0;0;1;8;0;0;3;0;97;0;0
2016-07-15T15:46:12;9;0;0;50089;1155;87136;0;0;1;8;0;0;3;0;97;0;0
2016-07-15T15:47:12;5;0;0;50081;1155;87146;0;0;1;8;0;0;3;0;97;0;0
2016-07-15T15:48:12;9;0;0;50079;1156;87147;0;0;1;8;0;0;3;0;97;0;0
2016-07-15T15:49:12;7;0;0;50071;1156;87153;0;0;1;8;0;0;3;0;97;0;0
2016-07-15T15:50:12;8;0;0;50059;1157;87165;0;0;1;8;0;0;3;0;97;0;0
2016-07-15T15:51:12;7;0;0;50065;1158;87159;0;0;1;8;0;0;3;0;97;0;0
2016-07-15T15:52:12;7;0;0;50051;1159;87173;0;0;1;8;0;0;3;0;97;0;0
2016-07-15T15:53:12;7;0;0;50037;1160;87185;0;0;1;8;0;0;3;0;97;0;0
2016-07-15T15:54:12;7;0;0;50031;1161;87189;0;0;1;8;0;0;3;0;97;0;0
2016-07-15T15:55:12;7;0;0;50009;1162;87212;0;0;1;8;0;0;3;0;97;0;0
2016-07-15T15:56:12;7;0;0;50005;1162;87214;0;0;1;8;0;0;3;0;97;0;0
2016-07-15T15:57:12;7;0;0;50009;1164;87209;0;0;1;8;0;0;3;0;97;0;0
2016-07-15T15:58:12;7;0;0;50001;1165;87216;0;0;1;8;0;0;3;0;97;0;0
2016-07-15T15:59:12;8;0;0;49990;1166;87224;0;0;1;8;0;0;3;0;97;0;0
2016-07-15T16:00:12;7;0;0;49973;1168;87238;0;0;1;8;0;0;3;0;97;0;0
2016-07-15T16:04:12;9;0;0;49959;1167;87254;0;0;1;8;0;0;3;0;97;0;0
2016-07-15T16:05:12;7;0;0;49947;1168;87266;0;0;1;8;0;0;3;0;97;0;0
2016-07-15T16:07:12;7;0;0;49937;1170;87272;0;0;1;8;0;0;3;0;97;0;0
2016-07-15T16:09:12;4;0;0;49929;1172;87280;0;0;1;8;0;0;3;0;97;0;0
2016-07-15T16:10:12;8;0;0;49912;1173;87297;0;0;1;8;0;0;3;0;97;0;0
2016-07-15T16:12:12;9;0;0;49905;1173;87302;0;0;1;8;0;0;3;0;97;0;0
2016-07-15T16:13:12;7;0;0;49904;1174;87304;0;0;1;8;0;0;3;0;97;0;0
2016-07-15T16:14:12;7;0;0;49899;1175;87308;0;0;1;8;0;0;3;0;97;0;0
2016-07-15T16:15:12;9;0;0;49885;1176;87324;0;0;1;8;0;0;3;0;97;0;0
2016-07-15T16:16:12;7;0;0;49877;1177;87327;0;0;1;8;0;0;3;0;97;0;0
2016-07-15T16:17:12;9;0;0;49873;1178;87330;0;0;1;8;0;0;3;0;97;0;0
2016-07-15T16:18:12;7;0;0;49876;1173;87331;0;0;1;8;0;0;3;0;97;0;0
2016-07-15T16:19:12;6;0;0;49868;1174;87341;0;0;1;8;0;0;3;0;97;0;0
2016-07-15T16:20:12;8;0;0;49857;1175;87352;0;0;1;8;0;0;3;0;97;0;0
2016-07-15T16:21:12;7;0;0;49848;1176;87360;0;0;1;8;0;0;3;0;97;0;0
2016-07-15T16:24:12;8;0;0;49826;1180;87378;0;0;1;8;0;0;3;0;97;0;0
2016-07-15T16:26:12;7;0;0;49797;1183;87402;0;0;1;8;0;0;3;0;97;0;0
2016-07-15T16:27:12;7;0;0;49781;1184;87418;0;0;1;8;0;0;3;0;97;0;0
2016-07-15T16:29:12;7;0;0;49771;1186;87426;0;0;1;8;0;0;3;0;97;0;0
2016-07-15T16:30:12;8;0;0;49754;1188;87443;0;0;1;8;0;0;3;0;97;0;0
2016-07-15T16:34:12;8;0;0;50145;1384;86898;0;0;1;8;0;0;3;0;97;0;0
2016-07-15T16:35:12;9;0;0;50129;1385;86913;0;0;1;8;0;0;3;0;97;0;0
2016-07-15T16:39:12;8;0;0;50079;1387;86964;0;0;1;8;0;0;3;0;97;0;0
2016-07-15T16:41:12;7;0;0;50051;1389;86990;0;0;1;8;0;0;3;0;97;0;0
2016-07-15T16:42:12;8;0;0;50043;1390;86994;0;0;1;8;0;0;3;0;97;0;0
2016-07-15T16:44:12;4;0;0;50030;1392;87005;0;0;1;8;0;0;3;0;97;0;0
2016-07-15T16:45:12;8;0;0;50011;1393;87020;0;0;1;8;0;0;3;0;97;0;0
2016-07-15T16:48:12;9;0;0;50000;1404;87026;0;0;1;8;0;0;3;0;97;0;0
2016-07-15T16:49:12;7;0;0;49847;1545;87036;0;0;1;8;0;0;3;0;97;0;0
2016-07-15T16:51:12;8;0;0;49677;1681;87067;0;0;1;8;0;0;3;0;97;0;0
2016-07-15T16:52:12;8;0;0;49823;1682;86930;0;0;1;8;0;0;3;0;97;0;0
2016-07-15T16:53:12;7;0;0;84225;1681;52603;0;0;1;8;0;0;3;0;97;0;0
2016-07-15T16:54:12;7;0;0;84915;1651;51977;0;0;1;8;0;0;3;0;97;0;0
2016-07-15T16:55:12;7;0;0;83429;1654;53451;0;0;1;8;0;0;3;0;97;0;0
2016-07-15T16:56:12;6;0;0;80681;1640;56204;0;0;1;8;0;0;3;0;97;0;0
2016-07-15T16:57:12;8;0;0;79894;1618;57020;0;0;1;8;0;0;3;0;97;0;0
2016-07-15T17:01:12;7;0;0;79481;1616;57433;0;0;1;8;0;0;3;0;97;0;0
2016-07-15T17:02:13;7;0;0;79470;1617;57446;0;0;1;8;0;0;3;0;97;0;0
2016-07-15T17:04:13;6;0;0;79448;1620;57467;0;0;1;8;0;0;3;0;97;0;0
2016-07-15T17:05:13;4;0;0;79423;1621;57487;0;0;1;8;0;0;3;0;97;0;0
2016-07-15T17:06:13;5;0;0;79023;1622;57889;0;0;1;8;0;0;3;0;97;0;0
2016-07-15T17:07:13;7;0;0;78930;1623;57976;0;0;1;8;0;0;3;0;97;0;0
2016-07-15T17:08:13;8;0;0;78858;1625;58046;0;0;1;8;0;0;3;0;97;0;0
2016-07-15T17:10:13;7;0;0;78540;1624;58369;0;0;1;8;0;0;3;0;97;0;0
2016-07-15T17:11:13;6;0;0;78165;1625;58743;0;0;1;8;0;0;3;0;97;0;0
2016-07-15T17:12:13;6;0;0;77725;1626;59181;0;0;1;8;0;0;3;0;97;0;0
2016-07-15T17:17:13;7;0;0;52508;1634;84340;0;0;1;8;0;0;3;0;97;0;0
2016-07-15T17:21:13;7;0;0;49587;1634;87248;0;0;1;8;0;0;3;0;97;0;0
2016-07-15T17:23:13;6;0;0;49059;1636;87774;0;0;1;8;0;0;3;0;97;0;0
2016-07-15T17:25:13;6;0;0;49025;1639;87804;0;0;1;8;0;0;3;0;97;0;0
2016-07-15T17:27:13;9;0;0;49019;1641;87811;0;0;1;8;0;0;3;0;97;0;0
2016-07-15T17:33:13;9;0;0;48946;1649;87874;0;0;1;8;0;0;3;0;97;0;0
2016-07-15T17:36:13;4;0;0;48898;1653;87916;0;0;1;8;0;0;3;0;97;0;0
2016-07-15T17:39:13;7;0;0;48883;1657;87929;0;0;1;8;0;0;3;0;97;0;0
2016-07-15T17:40:13;8;0;0;48866;1653;87948;0;0;1;8;0;0;3;0;97;0;0
2016-07-15T17:41:13;8;0;0;48835;1655;87978;0;0;1;8;0;0;3;0;97;0;0
2016-07-15T17:43:13;8;0;0;48798;1657;88012;0;0;1;8;0;0;3;0;97;0;0
2016-07-15T17:44:13;6;0;0;48781;1659;88028;0;0;1;8;0;0;3;0;97;0;0
2016-07-15T17:45:13;7;0;0;48767;1656;88045;0;0;1;8;0;0;3;0;97;0;0
2016-07-15T17:47:13;7;0;0;48749;1659;88061;0;0;1;8;0;0;3;0;97;0;0
2016-07-15T17:48:13;7;0;0;48752;1660;88056;0;0;1;8;0;0;3;0;97;0;0
2016-07-15T17:49:13;7;0;0;48744;1661;88064;0;0;1;8;0;0;3;0;97;0;0
2016-07-15T17:50:13;9;0;0;48734;1663;88071;0;0;1;8;0;0;3;0;97;0;0
2016-07-15T17:52:13;7;0;0;48714;1665;88087;0;0;1;8;0;0;3;0;97;0;0
2016-07-15T17:53:13;9;0;0;48705;1666;88093;0;0;1;8;0;0;3;0;97;0;0
2016-07-15T17:54:13;7;0;0;48699;1668;88098;0;0;1;8;0;0;3;0;97;0;0
2016-07-15T17:57:13;5;0;0;48665;1671;88131;0;0;1;8;0;0;3;0;97;0;0
2016-07-15T17:58:13;8;0;0;48668;1672;88127;0;0;1;8;0;0;3;0;97;0;0
2016-07-15T18:00:13;7;0;0;48643;1674;88150;0;0;1;8;0;0;3;0;97;0;0
2016-07-15T18:01:13;8;0;0;48643;1676;88148;0;0;1;8;0;0;3;0;97;0;0
2016-07-15T18:02:13;5;0;0;48629;1677;88160;0;0;1;8;0;0;3;0;97;0;0
2016-07-15T18:03:13;8;0;0;48610;1679;88175;0;0;1;8;0;0;3;0;97;0;0
2016-07-15T18:09:13;8;0;0;48555;1686;88225;0;0;1;8;0;0;3;0;97;0;0
2016-07-15T18:10:13;7;0;0;48539;1687;88241;0;0;1;8;0;0;3;0;97;0;0
2016-07-15T18:11:13;8;0;0;48543;1689;88238;0;0;1;8;0;0;3;0;97;0;0
2016-07-15T18:15:13;7;0;0;48496;1690;88281;0;0;1;8;0;0;3;0;97;0;0
2016-07-15T18:18:13;7;0;0;48483;1694;88291;0;0;1;8;0;0;3;0;97;0;0
2016-07-15T18:20:13;7;0;0;48474;1697;88296;0;0;1;8;0;0;3;0;97;0;0
2016-07-15T18:21:13;7;0;0;48466;1698;88302;0;0;1;8;0;0;3;0;97;0;0
2016-07-15T18:23:13;7;0;0;48462;1700;88306;0;0;1;8;0;0;3;0;97;0;0
2016-07-15T18:24:13;8;0;0;48456;1701;88311;0;0;1;8;0;0;3;0;97;0;0
2016-07-15T18:26:13;9;0;0;48433;1704;88331;0;0;1;8;0;0;3;0;97;0;0
2016-07-15T18:31:13;5;0;0;48402;1703;88361;0;0;1;8;0;0;3;0;97;0;0
2016-07-15T18:32:13;8;0;0;48401;1703;88363;0;0;1;8;0;0;3;0;97;0;0
2016-07-15T18:36:13;7;0;0;48385;1704;88376;0;0;1;8;0;0;3;0;97;0;0
2016-07-15T18:38:13;7;0;0;48394;1705;88368;0;0;1;8;0;0;3;0;97;0;0
2016-07-15T18:40:13;7;0;0;48383;1706;88378;0;0;1;8;0;0;3;0;97;0;0
2016-07-15T18:41:13;7;0;0;48390;1707;88370;0;0;1;8;0;0;3;0;97;0;0
2016-07-15T18:42:13;9;0;0;48393;1707;88370;0;0;1;8;0;0;3;0;97;0;0
2016-07-15T18:43:13;8;0;0;48388;1708;88371;0;0;1;8;0;0;3;0;97;0;0
2016-07-15T18:45:13;7;0;0;48378;1709;88381;0;0;1;8;0;0;3;0;97;0;0
2016-07-15T18:46:13;9;0;0;48377;1709;88381;0;0;1;8;0;0;3;0;97;0;0
2016-07-15T18:47:13;8;0;0;48379;1709;88383;0;0;1;8;0;0;3;0;97;0;0
2016-07-15T18:48:13;8;0;0;48383;1710;88375;0;0;1;8;0;0;3;0;97;0;0
2016-07-15T18:49:13;9;0;0;48381;1710;88376;0;0;1;8;0;0;3;0;97;0;0
2016-07-15T18:50:13;8;0;0;48371;1711;88385;0;0;1;8;0;0;3;0;97;0;0
2016-07-15T18:51:13;9;0;0;48372;1711;88386;0;0;1;8;0;0;3;0;97;0;0
2016-07-15T18:52:13;8;0;0;48369;1711;88386;0;0;1;8;0;0;3;0;97;0;0
2016-07-15T18:53:13;8;0;0;48376;1712;88379;0;0;1;8;0;0;3;0;97;0;0
2016-07-15T18:54:13;4;0;0;48365;1712;88392;0;0;1;8;0;0;3;0;97;0;0
2016-07-15T18:55:13;8;0;0;48352;1712;88402;0;0;1;8;0;0;3;0;97;0;0
2016-07-15T18:56:13;8;0;0;48352;1713;88402;0;0;1;8;0;0;3;0;97;0;0
2016-07-15T18:57:13;7;0;0;48350;1713;88403;0;0;1;8;0;0;3;0;97;0;0
2016-07-15T18:59:14;6;0;0;48358;1714;88395;0;0;1;8;0;0;3;0;97;0;0
2016-07-15T19:00:14;7;0;0;48349;1714;88405;0;0;1;8;0;0;3;0;97;0;0
2016-07-15T19:01:14;6;0;0;48346;1715;88406;0;0;1;8;0;0;3;0;97;0;0
2016-07-15T19:02:14;8;0;0;48347;1715;88406;0;0;1;8;0;0;3;0;97;0;0
2016-07-15T19:05:14;8;0;0;48351;1717;88399;0;0;1;8;0;0;3;0;97;0;0
2016-07-15T19:07:14;8;0;0;48349;1717;88400;0;0;1;8;0;0;3;0;97;0;0
2016-07-15T19:08:14;6;0;0;48349;1718;88401;0;0;1;8;0;0;3;0;97;0;0
2016-07-15T19:10:14;9;0;0;48337;1719;88412;0;0;1;8;0;0;3;0;97;0;0
2016-07-15T19:11:14;7;0;0;48336;1719;88412;0;0;1;8;0;0;3;0;97;0;0
2016-07-15T19:12:14;7;0;0;48335;1719;88413;0;0;1;8;0;0;3;0;97;0;0
2016-07-15T19:14:14;7;0;0;48342;1720;88404;0;0;1;8;0;0;3;0;97;0;0
2016-07-15T19:16:14;8;0;0;48342;1721;88407;0;0;1;8;0;0;3;0;97;0;0
2016-07-15T19:17:14;9;0;0;48339;1721;88407;0;0;1;8;0;0;3;0;97;0;0
2016-07-15T19:18:14;8;0;0;48339;1722;88408;0;0;1;8;0;0;3;0;97;0;0
2016-07-15T19:20:14;8;0;0;48326;1723;88418;0;0;1;8;0;0;3;0;97;0;0
2016-07-15T19:21:14;5;0;0;48325;1723;88419;0;0;1;8;0;0;3;0;97;0;0
2016-07-15T19:22:14;8;0;0;48334;1724;88410;0;0;1;8;0;0;3;0;97;0;0
2016-07-15T19:23:14;9;0;0;48333;1724;88411;0;0;1;8;0;0;3;0;97;0;0
2016-07-15T19:24:14;8;0;0;48330;1724;88412;0;0;1;8;0;0;3;0;97;0;0
2016-07-15T19:26:14;9;0;0;48315;1725;88428;0;0;1;8;0;0;3;0;97;0;0
2016-07-15T19:27:14;8;0;0;48314;1725;88429;0;0;1;8;0;0;3;0;97;0;0
2016-07-15T19:28:14;8;0;0;48320;1726;88420;0;0;1;8;0;0;3;0;97;0;0
2016-07-15T19:29:14;8;0;0;48320;1726;88421;0;0;1;8;0;0;3;0;97;0;0
2016-07-15T19:30:14;7;0;0;48310;1726;88430;0;0;1;8;0;0;3;0;97;0;0
2016-07-15T19:31:14;9;0;0;48308;1727;88431;0;0;1;8;0;0;3;0;97;0;0
2016-07-15T19:32:14;9;0;0;48318;1727;88423;0;0;1;8;0;0;3;0;97;0;0
2016-07-15T19:33:14;7;0;0;48316;1728;88423;0;0;1;8;0;0;3;0;97;0;0
2016-07-15T19:34:14;6;0;0;48317;1728;88424;0;0;1;8;0;0;3;0;97;0;0
2016-07-15T19:35:14;8;0;0;48306;1729;88433;0;0;1;8;0;0;3;0;97;0;0
2016-07-15T19:36:14;6;0;0;48314;1729;88425;0;0;1;8;0;0;3;0;97;0;0
2016-07-15T19:39:14;7;0;0;48309;1731;88428;0;0;1;8;0;0;3;0;97;0;0
2016-07-15T19:41:14;7;0;0;48308;1732;88429;0;0;1;8;0;0;3;0;97;0;0
2016-07-15T19:42:14;7;0;0;48305;1732;88429;0;0;1;8;0;0;3;0;97;0;0
2016-07-15T19:43:14;7;0;0;48304;1733;88430;0;0;1;8;0;0;3;0;97;0;0
2016-07-15T19:44:14;8;0;0;48304;1733;88430;0;0;1;8;0;0;3;0;97;0;0
2016-07-15T19:45:14;6;0;0;48294;1733;88439;0;0;1;8;0;0;3;0;97;0;0
2016-07-15T19:46:14;8;0;0;48291;1735;88440;0;0;1;8;0;0;3;0;97;0;0
2016-07-15T19:47:14;4;0;0;48292;1735;88440;0;0;1;8;0;0;3;0;97;0;0
2016-07-15T19:48:14;8;0;0;48301;1735;88432;0;0;1;8;0;0;3;0;97;0;0
2016-07-15T19:50:14;9;0;0;48291;1735;88442;0;0;1;8;0;0;3;0;97;0;0
2016-07-15T19:51:14;9;0;0;48298;1736;88434;0;0;1;8;0;0;3;0;97;0;0
2016-07-15T19:52:14;7;0;0;48297;1736;88434;0;0;1;8;0;0;3;0;97;0;0
2016-07-15T19:53:14;7;0;0;48297;1737;88434;0;0;1;8;0;0;3;0;97;0;0
2016-07-15T19:54:14;7;0;0;48297;1737;88435;0;0;1;8;0;0;3;0;97;0;0
2016-07-15T19:56:14;9;0;0;48284;1738;88445;0;0;1;8;0;0;3;0;97;0;0
2016-07-15T19:57:14;7;0;0;48284;1739;88445;0;0;1;8;0;0;3;0;97;0;0
2016-07-15T19:58:14;7;0;0;48291;1739;88436;0;0;1;8;0;0;3;0;97;0;0
2016-07-15T19:59:14;7;0;0;48288;1740;88438;0;0;1;8;0;0;3;0;97;0;0
2016-07-15T20:00:14;7;0;0;48280;1740;88447;0;0;1;8;0;0;3;0;97;0;0
2016-07-15T20:01:14;7;0;0;48279;1741;88448;0;0;1;8;0;0;3;0;97;0;0
2016-07-15T20:02:14;7;0;0;48278;1741;88448;0;0;1;8;0;0;3;0;97;0;0
2016-07-15T20:03:14;7;0;0;48287;1742;88439;0;0;1;8;0;0;3;0;97;0;0
2016-07-15T20:04:14;7;0;0;48285;1742;88440;0;0;1;8;0;0;3;0;97;0;0
2016-07-15T20:05:14;9;0;0;48278;1743;88449;0;0;1;8;0;0;3;0;97;0;0
2016-07-15T20:06:14;7;0;0;48277;1743;88449;0;0;1;8;0;0;3;0;97;0;0
2016-07-15T20:07:14;6;0;0;48284;1743;88442;0;0;1;8;0;0;3;0;97;0;0
2016-07-15T20:08:14;7;0;0;48284;1744;88441;0;0;1;8;0;0;3;0;97;0;0
2016-07-15T20:09:14;7;0;0;48284;1744;88442;0;0;1;8;0;0;3;0;97;0;0
2016-07-15T20:10:14;7;0;0;48273;1745;88452;0;0;1;8;0;0;3;0;97;0;0
2016-07-15T20:11:14;7;0;0;48272;1745;88452;0;0;1;8;0;0;3;0;97;0;0
2016-07-15T20:12:14;9;0;0;48282;1746;88443;0;0;1;8;0;0;3;0;97;0;0
2016-07-15T20:13:14;8;0;0;48281;1746;88444;0;0;1;8;0;0;3;0;97;0;0
2016-07-15T20:14:14;8;0;0;48279;1747;88444;0;0;1;8;0;0;3;0;97;0;0
2016-07-15T20:15:14;7;0;0;48278;1747;88445;0;0;1;8;0;0;3;0;97;0;0
2016-07-15T20:16:14;7;0;0;48276;1748;88445;0;0;1;8;0;0;3;0;97;0;0
2016-07-15T20:17:14;7;0;0;48277;1748;88445;0;0;1;8;0;0;3;0;97;0;0
2016-07-15T20:18:14;6;0;0;48277;1748;88446;0;0;1;8;0;0;3;0;97;0;0
2016-07-15T20:19:14;7;0;0;48275;1749;88446;0;0;1;8;0;0;3;0;97;0;0
2016-07-15T20:20:14;7;0;0;48265;1749;88456;0;0;1;8;0;0;3;0;97;0;0
2016-07-15T20:21:14;7;0;0;48264;1750;88456;0;0;1;8;0;0;3;0;97;0;0
2016-07-15T20:22:14;7;0;0;48262;1750;88456;0;0;1;8;0;0;3;0;97;0;0
2016-07-15T20:24:14;7;0;0;48271;1751;88448;0;0;1;8;0;0;3;0;97;0;0
2016-07-15T20:25:14;8;0;0;48259;1751;88458;0;0;1;8;0;0;3;0;97;0;0
2016-07-15T20:27:14;9;0;0;48271;1752;88450;0;0;1;8;0;0;3;0;97;0;0
2016-07-15T20:28:14;4;0;0;48268;1753;88449;0;0;1;8;0;0;3;0;97;0;0
2016-07-15T20:29:14;8;0;0;48267;1753;88450;0;0;1;8;0;0;3;0;97;0;0
2016-07-15T20:31:14;8;0;0;48264;1754;88452;0;0;1;8;0;0;3;0;97;0;0
2016-07-15T20:32:14;7;0;0;48263;1754;88452;0;0;1;8;0;0;3;0;97;0;0
2016-07-15T20:33:14;8;0;0;48262;1755;88453;0;0;1;8;0;0;3;0;97;0;0
2016-07-15T20:35:14;7;0;0;48252;1756;88463;0;0;1;8;0;0;3;0;97;0;0
2016-07-15T20:37:14;7;0;0;48248;1756;88464;0;0;1;8;0;0;3;0;97;0;0
2016-07-15T20:38:14;8;0;0;48257;1757;88456;0;0;1;8;0;0;3;0;97;0;0
2016-07-15T20:39:14;7;0;0;48254;1757;88456;0;0;1;8;0;0;3;0;97;0;0
2016-07-15T20:40:14;6;0;0;48244;1758;88466;0;0;1;8;0;0;3;0;97;0;0
2016-07-15T20:41:14;7;0;0;48248;1758;88466;0;0;1;8;0;0;3;0;97;0;0
2016-07-15T20:43:14;7;0;0;48253;1759;88458;0;0;1;8;0;0;3;0;97;0;0
2016-07-15T20:44:14;7;0;0;48252;1760;88458;0;0;1;8;0;0;3;0;97;0;0
2016-07-15T20:45:14;7;0;0;48242;1760;88468;0;0;1;8;0;0;3;0;97;0;0
2016-07-15T20:46:14;8;0;0;48241;1760;88469;0;0;1;8;0;0;3;0;97;0;0
2016-07-15T20:47:14;7;0;0;48239;1761;88469;0;0;1;8;0;0;3;0;97;0;0
2016-07-15T20:48:14;7;0;0;48246;1761;88461;0;0;1;8;0;0;3;0;97;0;0
2016-07-15T20:49:14;7;0;0;48248;1762;88461;0;0;1;8;0;0;3;0;97;0;0
2016-07-15T20:50:14;7;0;0;48237;1762;88471;0;0;1;8;0;0;3;0;97;0;0
2016-07-15T20:51:14;7;0;0;48245;1763;88462;0;0;1;8;0;0;3;0;97;0;0
2016-07-15T20:52:14;8;0;0;48244;1763;88462;0;0;1;8;0;0;3;0;97;0;0
2016-07-15T20:55:14;8;0;0;48232;1764;88472;0;0;1;8;0;0;3;0;97;0;0
2016-07-15T20:57:15;7;0;0;48240;1765;88464;0;0;1;8;0;0;3;0;97;0;0
2016-07-15T20:59:15;8;0;0;48237;1766;88465;0;0;1;8;0;0;3;0;97;0;0
2016-07-15T21:01:15;6;0;0;48228;1767;88475;0;0;1;8;0;0;3;0;97;0;0
2016-07-15T21:02:15;7;0;0;48227;1768;88475;0;0;1;8;0;0;3;0;97;0;0
2016-07-15T21:03:15;8;0;0;48236;1768;88467;0;0;1;8;0;0;3;0;97;0;0
2016-07-15T21:05:15;8;0;0;48222;1769;88477;0;0;1;8;0;0;3;0;97;0;0
2016-07-15T21:08:15;7;0;0;48231;1770;88469;0;0;1;8;0;0;3;0;97;0;0
2016-07-15T21:09:15;6;0;0;48230;1771;88470;0;0;1;8;0;0;3;0;97;0;0
2016-07-15T21:10:15;8;0;0;48217;1771;88479;0;0;1;8;0;0;3;0;97;0;0
2016-07-15T21:11:15;8;0;0;48218;1771;88480;0;0;1;8;0;0;3;0;97;0;0
2016-07-15T21:12:15;5;0;0;48224;1772;88471;0;0;1;8;0;0;3;0;97;0;0
2016-07-15T21:13:15;9;0;0;48226;1772;88472;0;0;1;8;0;0;3;0;97;0;0
2016-07-15T21:14:15;8;0;0;48223;1772;88473;0;0;1;8;0;0;3;0;97;0;0
2016-07-15T21:16:15;5;0;0;48222;1773;88474;0;0;1;8;0;0;3;0;97;0;0
2016-07-15T21:17:15;7;0;0;48222;1774;88474;0;0;1;8;0;0;3;0;97;0;0
2016-07-15T21:18:15;8;0;0;48221;1774;88475;0;0;1;8;0;0;3;0;97;0;0
2016-07-15T21:19:15;7;0;0;48218;1774;88475;0;0;1;8;0;0;3;0;97;0;0
2016-07-15T21:20:15;6;0;0;48208;1775;88485;0;0;1;8;0;0;3;0;97;0;0
2016-07-15T21:21:15;7;0;0;48217;1775;88476;0;0;1;8;0;0;3;0;97;0;0
2016-07-15T21:22:15;7;0;0;48217;1776;88477;0;0;1;8;0;0;3;0;97;0;0
2016-07-15T21:23:15;7;0;0;48216;1776;88477;0;0;1;8;0;0;3;0;97;0;0
2016-07-15T21:24:15;6;0;0;48216;1777;88477;0;0;1;8;0;0;3;0;97;0;0
2016-07-15T21:25:15;7;0;0;48183;1777;88510;0;0;1;8;0;0;3;0;97;0;0
2016-07-15T21:26:15;8;0;0;48183;1777;88510;0;0;1;8;0;0;3;0;97;0;0
2016-07-15T21:27:15;7;0;0;48180;1778;88511;0;0;1;8;0;0;3;0;97;0;0
2016-07-15T21:28:15;8;0;0;48188;1778;88502;0;0;1;8;0;0;3;0;97;0;0
2016-07-15T21:29:15;6;0;0;48188;1779;88503;0;0;1;8;0;0;3;0;97;0;0
2016-07-15T21:30:15;8;0;0;48174;1779;88512;0;0;1;8;0;0;3;0;97;0;0
2016-07-15T21:31:15;7;0;0;48178;1779;88513;0;0;1;8;0;0;3;0;97;0;0
2016-07-15T21:33:15;7;0;0;48185;1780;88504;0;0;1;8;0;0;3;0;97;0;0
2016-07-15T21:34:15;7;0;0;48183;1781;88505;0;0;1;8;0;0;3;0;97;0;0
2016-07-15T21:35:15;7;0;0;48175;1781;88514;0;0;1;8;0;0;3;0;97;0;0
2016-07-15T21:36:15;8;0;0;48172;1782;88515;0;0;1;8;0;0;3;0;97;0;0
2016-07-15T21:37:15;7;0;0;48181;1782;88506;0;0;1;8;0;0;3;0;97;0;0
2016-07-15T21:39:15;9;0;0;48179;1783;88507;0;0;1;8;0;0;3;0;97;0;0
2016-07-15T21:41:15;7;0;0;48165;1785;88517;0;0;1;8;0;0;3;0;97;0;0
2016-07-15T21:44:15;8;0;0;48173;1785;88509;0;0;1;8;0;0;3;0;97;0;0
2016-07-15T21:45:15;7;0;0;48165;1786;88519;0;0;1;8;0;0;3;0;97;0;0
2016-07-15T21:46:15;8;0;0;48172;1786;88511;0;0;1;8;0;0;3;0;97;0;0
2016-07-15T21:47:15;7;0;0;48173;1786;88511;0;0;1;8;0;0;3;0;97;0;0
2016-07-15T21:48:15;7;0;0;48171;1787;88511;0;0;1;8;0;0;3;0;97;0;0
2016-07-15T21:50:15;9;0;0;48159;1788;88521;0;0;1;8;0;0;3;0;97;0;0
2016-07-15T21:51:15;7;0;0;48169;1788;88513;0;0;1;8;0;0;3;0;97;0;0
2016-07-15T21:52:15;9;0;0;48168;1789;88513;0;0;1;8;0;0;3;0;97;0;0
2016-07-15T21:54:15;7;0;0;48151;882;89429;0;0;1;8;0;0;3;0;97;0;0
2016-07-15T21:55:15;9;0;0;48152;544;89772;0;0;1;8;0;0;3;0;97;0;0
2016-07-15T21:56:15;4;0;0;48161;545;89763;0;0;1;8;0;0;3;0;97;0;0
2016-07-15T21:57:15;8;0;0;48159;545;89764;0;0;1;8;0;0;3;0;97;0;0
2016-07-15T21:58:15;7;0;0;48160;546;89764;0;0;1;8;0;0;3;0;97;0;0
2016-07-15T21:59:15;5;0;0;48158;546;89764;0;0;1;8;0;0;3;0;97;0;0
2016-07-15T22:00:15;7;0;0;48146;547;89774;0;0;1;8;0;0;3;0;97;0;0
2016-07-15T22:01:15;7;0;0;48147;547;89775;0;0;1;8;0;0;3;0;97;0;0
2016-07-15T22:02:15;9;0;0;48144;547;89776;0;0;1;8;0;0;3;0;97;0;0
2016-07-15T22:03:15;5;0;0;48153;548;89767;0;0;1;8;0;0;3;0;97;0;0
2016-07-15T22:04:15;8;0;0;48148;549;89769;0;0;1;8;0;0;3;0;97;0;0
2016-07-15T22:05:15;5;0;0;48139;548;89779;0;0;1;8;0;0;3;0;97;0;0
2016-07-15T22:06:15;8;0;0;48149;549;89770;0;0;1;8;0;0;3;0;97;0;0
2016-07-15T22:07:15;9;0;0;48144;549;89774;0;0;1;8;0;0;3;0;97;0;0
2016-07-15T22:08:15;4;0;0;48147;550;89771;0;0;1;8;0;0;3;0;97;0;0
2016-07-15T22:09:15;9;0;0;48145;550;89772;0;0;1;8;0;0;3;0;97;0;0
2016-07-15T22:10:15;8;0;0;48135;551;89782;0;0;1;8;0;0;3;0;97;0;0
2016-07-15T22:11:15;9;0;0;48144;551;89774;0;0;1;8;0;0;3;0;97;0;0
2016-07-15T22:12:15;8;0;0;48208;619;89639;0;0;1;8;0;0;3;0;97;0;0
2016-07-15T22:13:15;7;0;0;48208;620;89640;0;0;1;8;0;0;3;0;97;0;0
2016-07-15T22:15:15;7;0;0;48195;620;89651;0;0;1;8;0;0;3;0;97;0;0
2016-07-15T22:17:15;6;0;0;48203;621;89642;0;0;1;8;0;0;3;0;97;0;0
2016-07-15T22:19:15;9;0;0;48203;622;89643;0;0;1;8;0;0;3;0;97;0;0
2016-07-15T22:20:15;7;0;0;48194;623;89652;0;0;1;8;0;0;3;0;97;0;0
2016-07-15T22:22:15;8;0;0;48201;627;89641;0;0;1;8;0;0;3;0;97;0;0
2016-07-15T22:23:15;9;0;0;48199;627;89641;0;0;1;8;0;0;3;0;97;0;0
2016-07-15T22:24:15;5;0;0;48199;628;89642;0;0;1;8;0;0;3;0;97;0;0
2016-07-15T22:25:15;9;0;0;48192;628;89651;0;0;1;8;0;0;3;0;97;0;0
